"from","from-stage","to","to-stage","case","conditions","image","text","marker"
"monika","0","natsuki","0-3","must_strip_self","alsoPlaying=natsuki,alsoPlayingStage=0-3","happy","I guess I lost, huh... what's so surprising, Natsuki?","resp-s0-prestrip-natsuki-1"
"monika","0","natsuki","4-6","must_strip_self","alsoPlaying=natsuki,alsoPlayingStage=4-6","calm","Really, Natsuki... it's not like there's much skill involved in this game...","resp-s0-prestrip-natsuki-2"
"monika","0","natsuki","7-10","must_strip_self","alsoPlaying=natsuki,alsoPlayingStage=7-10","questioning","I'm not particularly <i>good</i> at cards, or anything... I guess I just got lucky?","resp-s0-prestrip-natsuki-3"
"","","","","","","","",""
"monika","1","natsuki","0-3","must_strip_self","alsoPlaying=natsuki,alsoPlayingStage=0-3","exasperated","Do you think I'm <i>trying</i> to lose, Natsuki? Jeez...","resp-s1-prestrip-natsuki-1"
"monika","1","natsuki","4-6","must_strip_self","alsoPlaying=natsuki,alsoPlayingStage=4-6","exasperated","I guess that's true, Natsuki... oh well!","resp-s1-prestrip-natsuki-2"
"monika","1","natsuki","7-10","must_strip_self","alsoPlaying=natsuki,alsoPlayingStage=7-10","horny","Hm, that's a good question, Natsuki... well, ~player~? Would you like to see... <i>more</i> of me, ehehe~?","resp-s1-prestrip-natsuki-3"
"monika","1","natsuki","7-10","must_strip_self","alsoPlaying=natsuki,alsoPlayingSaidMarker=player_f,alsoPlayingStage=7-10","horny","Jeez, Natsuki, I don't really think it matters if she's a girl... but, anyways, ~player~... do you want to see <i>more</i> of me, ehehe~?","resp-s1-prestrip-natsuki-4"
"","","","","","","","",""
"monika","2","natsuki","0-3","must_strip_self","alsoPlaying=natsuki,alsoPlayingStage=0-3","writing-tip","Maybe you should lie down, Natsuki. You don't look so good.","resp-s2-prestrip-natsuki-1"
"monika","2","natsuki","4-6","must_strip_self","alsoPlaying=natsuki,alsoPlayingStage=4-6","questioning","You don't look so good, Natsuki. Are you sure you're okay?","resp-s2-prestrip-natsuki-2"
"monika","2","natsuki","7-10","must_strip_self","alsoPlaying=natsuki,alsoPlayingStage=7-10","questioning","You don't seem very well, Natsuki. Do you need a protein bar or something?","resp-s2-prestrip-natsuki-3"
"","","","","","","","",""
"monika","3","natsuki","0-3","must_strip_self","alsoPlaying=natsuki,alsoPlayingStage=0-3","shy-happy","This is, uhm, really starting to get embarassing... a-and, Natsuki? I'm stripping in front of <i>~player~</i>! Of course I'd be nervous!","resp-s3-prestrip-natsuki-1"
"monika","3","natsuki","4-6","must_strip_self","alsoPlaying=natsuki,alsoPlayingStage=4-6","shy-nervous","I-I guess I am a bit nervous. I'm stripping down in front of <i>~player~</i>, after all...","resp-s3-prestrip-natsuki-2"
"monika","3","natsuki","7-10","must_strip_self","alsoPlaying=natsuki,alsoPlayingStage=7-10","shy-nervous","I-I'm stripping down in front of <i>~player~</i>, Natsuki! O-of course I'd be nervous!","resp-s3-prestrip-natsuki-3"
"","","","","","","","",""
"monika","4","natsuki","0-3","must_strip_self","alsoPlaying=natsuki,alsoPlayingStage=0-3","shy-happy","N-no, that wouldn't do, ~player~. T-though if we're in the right time and place, I....um.","resp-s4-prestrip-natsuki-1"
"monika","4","natsuki","4-6","must_strip_self","alsoPlaying=natsuki,alsoPlayingStage=4-6","shy-happy","W-well, I... uh, don't really mind the... <i>excitement</i>, I guess...","resp-s4-prestrip-natsuki-2"
"monika","4","natsuki","7-10","must_strip_self","alsoPlaying=natsuki,alsoPlayingStage=7-10","shy-nervous","(<i>...if it's ~player~... I'm not sure if it's really the wrong idea...</i>)","resp-s4-prestrip-natsuki-3"
"","","","","","","","",""
"monika","5","natsuki","0-3","must_strip_self","alsoPlaying=natsuki,alsoPlayingStage=0-3","shy-nervous","I-I'm sorry to keep you waiting, ~player~, but...","resp-s5-prestrip-natsuki-1"
"monika","5","natsuki","4-6","must_strip_self","alsoPlaying=natsuki,alsoPlayingStage=4-6","shy-nervous","S-sorry to keep everyone waiting, but...","resp-s5-prestrip-natsuki-2"
"monika","5","natsuki","7-10","must_strip_self","alsoPlaying=natsuki,alsoPlayingStage=7-10","shy-nervous","I-I guess this is going to... um, kill the excitement, a bit, but...","resp-s5-prestrip-natsuki-3"
"","","","","","","","",""
"monika","6","natsuki","0-3","must_strip_self","alsoPlaying=natsuki,alsoPlayingStage=0-3","horny","Now that I think about it... standing around like this isn't really that embarassing, anymore! So, perhaps I could... <i>go all out</i> for you, ~player~?","resp-s6-prestrip-natsuki-1"
"monika","6","natsuki","4-6","must_strip_self","alsoPlaying=natsuki,alsoPlayingStage=4-6","horny","So, ~player~... I don't really feel embarassed anymore, standing like this in front of you. So, would you mind if I... put on a little <i>show</i> for you~?","resp-s6-prestrip-natsuki-2"
"monika","6","natsuki","7-10","must_strip_self","alsoPlaying=natsuki,alsoPlayingStage=7-10","horny","So~ ~player~... are you ready to see just a bit more?","resp-s6-prestrip-natsuki-3"
"","","","","","","","",""
"monika","7","natsuki","0-3","must_strip_self","alsoPlaying=natsuki,alsoPlayingStage=0-3","interested","You've been waiting for this, hm?","resp-s7-prestrip-natsuki-1"
"monika","7","natsuki","4-6","must_strip_self","alsoPlaying=natsuki,alsoPlayingStage=4-6","happy","Well, if I'm with you, ~player~, then...","resp-s7-prestrip-natsuki-2"
"monika","7","natsuki","7-10","must_strip_self","alsoPlaying=natsuki,alsoPlayingStage=7-10","happy","This is the moment you've been waiting for, hm?","resp-s7-prestrip-natsuki-3"
"","","","","","","","",""
"natsuki","0","monika","1-10","must_strip_self","alsoPlaying=monika,alsoPlayingStage=1-10","embarrassed","W-well, I guess if Monika's done it, I kinda have to...",""
"natsuki","0","monika","1-10","must_strip_self","alsoPlaying=monika,alsoPlayingStage=1-10","embarrassed","Jeez, Monika... You're kinda painting me into a corner here. What else can I do but join in when you've already...",""
"natsuki","0","monika","1-10","must_strip_self","alsoPlaying=monika,alsoPlayingStage=1-10","embarrassed","I don't want to, b-but if Monika already has...",""
"","","","","","","","",""
"natsuki","0-3","monika","0","female_must_strip","target=monika,targetStage=0","woah","Eh--? <i>Monika</i> lost?",""
"natsuki","4-6","monika","0","female_must_strip","target=monika,targetStage=0","tsun","It's about time! Jeez, Monika... Do you really have to be the best at everything?",""
"natsuki","7-10","monika","0","female_must_strip","target=monika,targetStage=0","woah","Jeez. Monika, you're amazing at <i>cards</i> too...? I've already lost a bunch of times...",""
"","","","","","","","",""
"natsuki","0-3","monika","1","female_must_strip","target=monika,targetStage=1","laugh","Heheh! Geez Monika, you're really setting a bad example for your club members.",""
"natsuki","4-6","monika","1","female_must_strip","target=monika,targetStage=1","happy","It's a about time you got taken down another peg!",""
"natsuki","7-10","monika","1","female_must_strip","target=monika,targetStage=1","pinup","Monika again? Eheheh... I can't imagine what <i>~player~</i> thinks about you getting naked for him!",""
"natsuki","7-10","monika","1","female_must_strip","saidMarker=player_f,target=monika,targetStage=1","happy","Monika again? Eheheh... Good thing ~player~'s a girl, or you'd be really embarrassed, huh?",""
"","","","","","","","",""
"natsuki","0-3","monika","2","female_must_strip","target=monika,targetStage=2","fear","Monika lost again? Sorry, I guess I zoned out. I'm feeling kinda weird...",""
"natsuki","4-6","monika","2","female_must_strip","target=monika,targetStage=2","laugh","I feel funny, like my words and my actions are totally in sync...",""
"natsuki","7-10","monika","2","female_must_strip","target=monika,targetStage=2","fear","Nn-- It's like I'm seeing strange flickering stuff, people are talking funny... Like this is all a weird dream...",""
"","","","","","","","",""
"natsuki","0-3","monika","3","female_must_strip","target=monika,targetStage=3","happy","Heheh!! We get to see Monika looking <i>nervous!</i>",""
"natsuki","4-6","monika","3","female_must_strip","target=monika,targetStage=3","laugh","What's wrong Monika? You look embarrassed! Surely <i>Perfect</i> Monika isn't <i>shy</i>...",""
"natsuki","7-8","monika","3","female_must_strip","target=monika,targetStage=3","laugh","Ha! Monika blushing? Looking shy? Who are you and what have you done with the real Monika?",""
"","","","","","","","",""
"natsuki","0-3","monika","4","female_must_strip","target=monika,targetStage=4","smug","You know, Monika, if we keep this up, ~player~ will want us to do <i>this</i> every club meeting.",""
"natsuki","4-6","monika","4","female_must_strip","target=monika,targetStage=4","happy","Ahaha! Just look at how <i>excited</i> ~player~ is getting, Monika!",""
"natsuki","7-10","monika","4","female_must_strip","target=monika,targetStage=4","aroused","You know, Monika, if you keep this up, ~player~ might get the wrong idea.",""
"","","","","","","","",""
"natsuki","0-3","monika","5","female_must_strip","target=monika,targetStage=5","tsun","Hmph. <i>I've</i> never thought about how you look naked. I bet a perv like <i>~player~</i> did, though.",""
"natsuki","4-6","monika","5","female_must_strip","target=monika,targetStage=5","embarrassed","Is it time for some underwear? B-better you than me...",""
"natsuki","7-10","monika","5","female_must_strip","target=monika,targetStage=5","aroused","Time for some underwear!! (<i>I'm kinda excited...!</i>)",""
"","","","","","","","",""
"natsuki","0-3","monika","6","female_must_strip","target=monika,targetStage=6","gross","Urp! Ah! S-sorry, I just feel a little-- I'm fine. (<i>Geez, I'm so light headed...</i>)",""
"natsuki","4-6","monika","6","female_must_strip","target=monika,targetStage=6","gross","Urp! Nn! Uh, d-don't mind me! I just choked a little... (<i>Deep breaths...</i>)",""
"natsuki","7","monika","6","female_must_strip","target=monika,targetStage=6","gross","Urp! Ghah! S-sorry, um, b-bad joke?? (<i>I'm so nauseous all of the sudden...</i>)",""
"","","","","","","","",""
"natsuki","0-3","monika","7","female_must_strip","target=monika,targetStage=7","tsun","(<i>What's with that tone? ~player~ doesn't belong to you...</i>)",""
"natsuki","4-6","monika","7","female_must_strip","target=monika,targetStage=7","mad","(<i>She's practically jumping on his dick...</i>)",""
"natsuki","7-10","monika","7","female_must_strip","target=monika,targetStage=7","mad","(<i>Wow, Monika. Just suck him off already...</i>)",""
"","","","","","","","",""
"monika","0","natsuki","0","female_must_strip","target=natsuki,targetStage=0","happy","Looks like you've lost, Natsuki! What's coming off, first?","tgt-natsuki-s0-prestrip-1"
"monika","1-10","natsuki","0","female_must_strip","target=natsuki,targetStage=0","writing-tip","Take your time, Natsuki. No one's forcing you to do anything.","resp-natsuki-must-strip-1"
"","","","","","","","",""
"monika","0-3","natsuki","1","female_must_strip","target=natsuki,targetStage=1","questioning","Oh? You're not leaving, Natsuki?","tgt-natsuki-s1-prestrip-1"
"monika","4-5","natsuki","1","female_must_strip","target=natsuki,targetStage=1","exasperated","Jeez, Natsuki. If you're just going to get mad at the rest of us for playing the game, then why stay?","tgt-natsuki-s1-prestrip-2"
"monika","6-10","natsuki","1","female_must_strip","target=natsuki,targetStage=1","questioning","Well, I guess you still have small things to take off, Natsuki... though I guess with you it's <i>all</i> small stuff, right?","tgt-natsuki-s1-prestrip-3"
"","","","","","","","",""
"monika","0-3","natsuki","2","female_must_strip","target=natsuki,targetStage=2","calm","Well, you're correct, Natsuki...","tgt-natsuki-s2-prestrip-1"
"monika","4-5","natsuki","2","female_must_strip","target=natsuki,targetStage=2","calm","That's true...","tgt-natsuki-s2-prestrip-2"
"monika","6-10","natsuki","2","female_must_strip","target=natsuki,targetStage=2","calm","Sure, Natsuki. What else are you trying to say?","tgt-natsuki-s2-prestrip-3"
"","","","","","","","",""
"monika","0-3","natsuki","3","female_must_strip","target=natsuki,targetStage=3","interested","Well, hopefully you'll get into the game more now, Natsuki!","tgt-natsuki-s3-prestrip-1"
"monika","4-5","natsuki","3","female_must_strip","target=natsuki,targetStage=3","exasperated","It took you <i>this</i> long to get all the small stuff out of the way?","tgt-natsuki-s3-prestrip-2"
"monika","6-10","natsuki","3","female_must_strip","target=natsuki,targetStage=3","exasperated","(<i>Jeez, ~player~. If she's this annoying with the small things, how do you think she's going to react to the bigger stuff?</i>)","tgt-natsuki-s3-prestrip-3"
"","","","","","","","",""
"monika","0-3","natsuki","4","female_must_strip","target=natsuki,targetStage=4","happy","Looks like you're finally getting into the real spirit of the game, Natsuki~","tgt-natsuki-s4-prestrip-1"
"monika","4-5","natsuki","4","female_must_strip","target=natsuki,targetStage=4","questioning","Oh, jeez. So, um, what are you taking off next, Natsuki?","tgt-natsuki-s4-prestrip-2"
"monika","6-10","natsuki","4","female_must_strip","target=natsuki,targetStage=4","interested","So, Natsuki, now that your, uh, small pieces are off... what are you going to strip now?","tgt-natsuki-s4-prestrip-3"
"","","","","","","","",""
"monika","0-3","natsuki","5","female_must_strip","target=natsuki,targetStage=5","writing-tip","If it helps, Natsuki, try imagining everyone <i>else</i> in their underwear. It'll help with the embarassment.","tgt-natsuki-s5-prestrip-1"
"monika","4-5","natsuki","5","female_must_strip","target=natsuki,targetStage=5","exasperated","You know, ~player~, Natsuki has a point. You're really not going to see anything new or <i>interesting</i> when she takes her shirt off.","tgt-natsuki-s5-prestrip-2"
"monika","6-10","natsuki","5","female_must_strip","target=natsuki,targetStage=5","horny","Well, Natsuki's right, ~player~. Even if she takes off her shirt, you're not going to be seeing much... so why not look at something more <i>interesting</i>, ehehe~","tgt-natsuki-s5-prestrip-3"
"","","","","","","","",""
"monika","0-3","natsuki","6","female_must_strip","target=natsuki,targetStage=6","writing-tip","I-It's okay, Natsuki! I can totally understand why you'd be nervous...","tgt-natsuki-s6-prestrip-1"
"monika","4-6","natsuki","6","female_must_strip","target=natsuki,targetStage=6","interested","Oh? Why so nervous, Natsuki? Is there something you're <i>afraid</i> of revealing to us?","tgt-natsuki-s6-prestrip-2"
"monika","7-10","natsuki","6","female_must_strip","target=natsuki,targetStage=6","interested","Really, Natsuki, stripping like this is not that difficult. Unless, of course, you have something you're afraid to reveal to us...?","tgt-natsuki-s6-prestrip-3"
"","","","","","","","",""
"monika","0-3","natsuki","7","female_must_strip","target=natsuki,targetStage=7","questioning","I suppose you just got unlucky, Natsuki. You could <i>totally</i> win, next round, though!","tgt-natsuki-s7-prestrip-2"
"monika","4-5","natsuki","7","female_must_strip","target=natsuki,targetStage=7","questioning","...hm. You know, ~player~, there's always something I've wondered about Natsuki... like, is she <i>really</i> a girl? I mean, she could totally pass as a effeminate boy, right?","tgt-natsuki-s7-prestrip-3"
"monika","6-10","natsuki","7","female_must_strip","target=natsuki,targetStage=7","questioning","You know, ~player~, I've always kind of wondered... is Natsuki really a girl? I mean, she could totally pass as just a really effeminate boy, right?","tgt-natsuki-s7-prestrip-4"
"monika","0-7","natsuki","7","female_must_strip","target=natsuki,targetStage=7,totalNaked=0","happy","You're the first one naked, huh Natsuki? ...looks like you weren't as good as you thought you were~","tgt-natsuki-s7-prestrip-1"
"","","","","","","","",""
"natsuki","0-3","monika","0","female_removing_accessory","target=monika,targetStage=0","isthatapenis","M-Monika! Everyone can...(<i>see your panties!</i>)",""
"natsuki","4-6","monika","0","female_removing_accessory","target=monika,targetStage=0","embarrassed","(<i>Pst! </i>Monika,<i> you're </i>flashing<i> everyone!</i>)",""
"natsuki","7-10","monika","0","female_removing_accessory","target=monika,targetStage=0","embarrassed","Ah, Monika, you're--!",""
"","","","","","","","",""
"natsuki","0-3","monika","2","female_removing_accessory","target=monika,targetStage=2","smug","You're just taking off your blazer, right? Smart move, Pres--",""
"natsuki","4-6","monika","2","female_removing_accessory","target=monika,targetStage=2","fear","N-no, that's the opposite of what I meant... W-wait, did...?",""
"natsuki","7-10","monika","2","female_removing_accessory","target=monika,targetStage=2","woah","L-like one of those dreams where you're naked at school... (<i>and kinda turned on...</i>)",""
"","","","","","","","",""
"natsuki","0-3","monika","5","female_removing_accessory","target=monika,targetStage=5","embarrassed","O-oh. Huh. Come to think of it, I've never seen you with your hair down...",""
"natsuki","4-6","monika","5","female_removing_accessory","target=monika,targetStage=5","mad","What? Ugh. (<i>Fuck you, Monika...</i>)",""
"natsuki","7-10","monika","5","female_removing_accessory","target=monika,targetStage=5","upset","Oh. Or not.",""
"","","","","","","","",""
"monika","0-3","natsuki","0","female_removing_accessory","target=natsuki,targetStage=0","questioning","Are you sure you don't want to take your socks and shoes off separately, Natsuki?","tgt-natsuki-s0-strip-1"
"monika","4-5","natsuki","0","female_removing_accessory","target=natsuki,targetStage=0","calm","How kind of you to finally join us, Natsuki.","tgt-natsuki-s0-strip-2"
"monika","6-10","natsuki","0","female_removing_accessory","target=natsuki,targetStage=0","questioning","I'm kind of surprised, ~player~. Don't you think Natsuki would have joined us sooner?","tgt-natsuki-s0-strip-3"
"","","","","","","","",""
"monika","0-3","natsuki","3","female_removing_accessory","target=natsuki,targetStage=3","interested","S-sure, Natsuki, whatever you say...","tgt-natsuki-s3-strip-1"
"monika","4-5","natsuki","3","female_removing_accessory","target=natsuki,targetStage=3","happy","Sure, sure, Natsuki. That's, uh... <i>definitely</i> the case. Yep...","tgt-natsuki-s3-strip-2"
"monika","6-10","natsuki","3","female_removing_accessory","target=natsuki,targetStage=3","calm","Just keep telling yourself that, Natsuki.","tgt-natsuki-s3-strip-3"
"","","","","","","","",""
"natsuki","0-3","monika","1","female_removing_minor","target=monika,targetStage=1","boobenvy","A-and now you're (<i>flashing</i>) us again...",""
"natsuki","4-6","monika","1","female_removing_minor","target=monika,targetStage=1","happy","Monika, if this were a manga, you could probably just get away with the first panty flash...",""
"natsuki","7-10","monika","1","female_removing_minor","target=monika,targetStage=1","tsun","(<i>I said that, but... she's showing her panties again. That can't be an accident...</i>)",""
"","","","","","","","",""
"monika","0-3","natsuki","1","female_removing_minor","target=natsuki,targetStage=1","happy","See? It's easier than you'd think, Natsuki.","tgt-natsuki-s1-strip-1"
"monika","4-6","natsuki","1","female_removing_minor","target=natsuki,targetStage=1","happy","Just the blazer, huh? Well, if you're not up to taking bigger steps, Natsuki, I totally understand!","tgt-natsuki-s1-strip-2"
"monika","7-10","natsuki","1","female_removing_minor","target=natsuki,targetStage=1","happy","Really, Natsuki... why so defensive? It's just your blazer. I mean... ~player~ isn't seeing you <i>shirtless</i>, like <i>me</i>.","tgt-natsuki-s1-strip-3"
"","","","","","","","",""
"monika","0-3","natsuki","2","female_removing_minor","target=natsuki,targetStage=2","happy","...and I'm pretty sure ~player~ knows what a synonym is already.","tgt-natsuki-s2-strip-1"
"monika","4-5","natsuki","2","female_removing_minor","target=natsuki,targetStage=2","exasperated","Honestly, Natsuki, I think ~player~ is intelligent enough to not need a lesson in what synonyms are...","tgt-natsuki-s2-strip-2"
"monika","6-10","natsuki","2","female_removing_minor","target=natsuki,targetStage=2","happy","...Natsuki, I'm pretty sure we don't need you to teach us what <i>synonyms</i> are.","tgt-natsuki-s2-strip-3"
"","","","","","","","",""
"natsuki","0-3","monika","3","female_removing_major","target=monika,targetStage=3","embarrassed","Huh...? (<i>She's avoiding ~player~'s eyes...</i>)",""
"natsuki","4-6","monika","3","female_removing_major","notSaidMarker=player_f,target=monika,targetStage=3","fear","Huh...? Y-you're avoiding ~player~'s eyes... Y-you're not afraid that he...",""
"natsuki","4-6","monika","3","female_removing_major","saidMarker=player_f,target=monika,targetStage=3","fear","Huh...? Y-you're avoiding ~player~'s eyes... Y-you're not afraid that she...",""
"natsuki","7-8","monika","3","female_removing_major","target=monika,targetStage=3","laugh","Heheh... Don't tell me that you're afraid of ~player~ seeing...",""
"","","","","","","","",""
"natsuki","0-3","monika","4","female_removing_major","notSaidMarker=player_f,target=monika,targetStage=4","smug","What a pervert, right? I bet ~player~ only joined the club to be with cute girls, like he's in some gross dating sim.",""
"natsuki","0-3","monika","4","female_removing_major","saidMarker=player_f,target=monika,targetStage=4","woah","What a pervert, right? I mean, he's the one that broke up our... wait a second, ~player~'s a girl...",""
"natsuki","4-6","monika","4","female_removing_major","notSaidMarker=player_f,target=monika,targetStage=4","smug","S-so pervy of him. He's pretty much a total scumbag. He only joined our club because--",""
"natsuki","4-6","monika","4","female_removing_major","saidMarker=player_f,target=monika,targetStage=4","smug","S-so pervy of her. She's pretty much a total dyke. She only joined our club because--",""
"natsuki","7-10","monika","4","female_removing_major","notSaidMarker=player_f,target=monika,targetStage=4","upset","He's a dangerous pervert after all. Did you know he lifted up my skirt when nobody was--",""
"natsuki","7-10","monika","4","female_removing_major","saidMarker=player_f,target=monika,targetStage=4","upset","She's totally in the closet. In fact, once she even lifted up my skirt and--",""
"","","","","","","","",""
"monika","0-3","natsuki","4","female_removing_major","target=natsuki,targetStage=4","calm","That seems like a pretty smart move, Natsuki.","tgt-natsuki-s4-strip-1"
"monika","4-5","natsuki","4","female_removing_major","target=natsuki,targetStage=4","questioning","Wow, Natsuki. I didn't realize your shirt was <i>that</i> big on you...","tgt-natsuki-s4-strip-2"
"monika","6-10","natsuki","4","female_removing_major","target=natsuki,targetStage=4","interested","I guess Natsuki's shirt being too big for her makes sense, right ~player~?","tgt-natsuki-s4-strip-3"
"","","","","","","","",""
"monika","0-3","natsuki","5","female_removing_major","target=natsuki,targetStage=5","awkward-question","I-I really didn't need to know that, Natsuki...","tgt-natsuki-s5-strip-1"
"monika","4-5","natsuki","5","female_removing_major","target=natsuki,targetStage=5","questioning","So if you have those styles, Natsuki... why'd you keep these?","tgt-natsuki-s5-strip-2"
"monika","6-10","natsuki","5","female_removing_major","target=natsuki,targetStage=5","happy","I'm sure you have all sorts of stuff back home, Natsuki. No need to try and convince me.","tgt-natsuki-s5-strip-3"
"","","","","","","","",""
"natsuki","4-6","monika","6","female_chest_will_be_visible","target=monika,targetStage=6","aroused","Oh, M-monika's taking off her...",""
"","","","","","","","",""
"natsuki","0-3","monika","","female_chest_will_be_visible","target=monika","tsun","(<i>If Monika went after ~player~ seriously, I don't think I would stand a chance...</i>)",""
"natsuki","7","monika","","female_chest_will_be_visible","target=monika","fear","H-huh? Oh no, it's Monika's--",""
"","","","","","","","",""
"monika","0-10","natsuki","6","female_chest_will_be_visible","target=natsuki,targetSaidMarker=not_1st,targetStage=6,totalExposed=0","happy","Oh, yeah. You're the first one to lose this badly, aren't you?","tgt-natsuki-s6-strip-1"
"monika","0-3","natsuki","6","female_chest_will_be_visible","target=natsuki,targetStage=6","exasperated","Yes, sometimes shorter poems can be more effective. What's your point?","tgt-natsuki-s6-strip-2"
"monika","4-5","natsuki","6","female_chest_will_be_visible","target=natsuki,targetStage=6","happy","...Honestly, Natsuki. Will you please get to the point, already? Or just stop stalling...","tgt-natsuki-s6-strip-3"
"monika","6-10","natsuki","6","female_chest_will_be_visible","target=natsuki,targetStage=6","exasperated","...honestly, Natsuki. Please stop stalling. It doesn't really help you that much.","tgt-natsuki-s6-strip-4"
"","","","","","","","",""
"natsuki","0-3","monika","","female_crotch_will_be_visible","target=monika","happy","Y-you know, this whole thing is pretty weird... but it's fun to beat Monika at something!",""
"natsuki","4-6","monika","","female_crotch_will_be_visible","target=monika","woah","W-wow, sorry you lost Monika. I guess time for you to reveal your ""true self"" huh?",""
"natsuki","7-10","monika","","female_crotch_will_be_visible","target=monika","tsun","Jeez. I bet you're going to have gotten some fancy wax instead of having to just shave it yourself...",""
"","","","","","","","",""
"monika","0-3","natsuki","7","female_crotch_will_be_visible","target=natsuki,targetStage=7","calm","R-really, Natsuki, I get this is embarassing, but... you don't need to look so <i>mortified</i>, I think...","tgt-natsuki-s7-strip-2"
"monika","4-5","natsuki","7","female_crotch_will_be_visible","target=natsuki,targetStage=7","shocked","...and-- wait. Oh, jeez, is she <i>inspecting</i> her-- A-and what's with that horrified look on her face? N-Natsuki, <i>do you have something to tell us</i>?!","tgt-natsuki-s7-strip-3"
"monika","6-10","natsuki","7","female_crotch_will_be_visible","target=natsuki,targetStage=7","shocked","So I guess we're about to-- wait. N-Natsuki, are you <i>inspecting</i> your-- A-and what's with that... <i>horrified</i> look on your face? A-are you about to <i>reveal something to us</i>, Natsuki?!","tgt-natsuki-s7-strip-4"
"monika","0-7","natsuki","7","female_crotch_will_be_visible","target=natsuki,targetStage=7,totalNaked=0","happy","But don't worry, Natsuki! I'm sure you'll get better for the last round... <i>somehow</i>. Hopefully.","tgt-natsuki-s7-strip-1"
"","","","","","","","",""
"monika","0","natsuki","0-3","stripping","alsoPlaying=natsuki,alsoPlayingStage=0-3","stripping","Just let me take these off... Hm? What was that, Natsuki?","resp-s0-strip-natsuki-1"
"monika","0","natsuki","4-6","stripping","alsoPlaying=natsuki,alsoPlayingStage=4-6","stripping","Give me a second to take these off... huh? Sorry, Natsuki, are you trying to say something?","resp-s0-strip-natsuki-2"
"monika","0","natsuki","7-10","stripping","alsoPlaying=natsuki,alsoPlayingStage=7-10","stripping","I'm just going to slip these off and... hm? Natsuki? Were you trying to say something?","resp-s0-strip-natsuki-3"
"","","","","","","","",""
"monika","1","natsuki","0-3","stripping","alsoPlaying=natsuki,alsoPlayingStage=0-3","stripping","Ju~st let me get these things off for you, ~player~~!","resp-s1-strip-natsuki-1"
"monika","1","natsuki","4-6","stripping","alsoPlaying=natsuki,alsoPlayingStage=4-6","stripping","Time to take these off, I guess~","resp-s1-strip-natsuki-2"
"monika","1","natsuki","7-10","stripping","alsoPlaying=natsuki,alsoPlayingStage=7-10","stripping","It <i>miiiight</i> take me a while to take these off, so... take a good look, ~player~~!","resp-s1-strip-natsuki-3"
"","","","","","","","",""
"monika","3","natsuki","0-3","stripping","alsoPlaying=natsuki,alsoPlayingStage=0-3","stripping","A-anyways, I-I guess I should take my shirt off...","resp-s3-strip-natsuki-1"
"monika","3","natsuki","4-6","stripping","alsoPlaying=natsuki,alsoPlayingStage=4-6","stripping","A-anyways... I-I think I should remove my shirt, next...","resp-s3-strip-natsuki-2"
"monika","3","natsuki","7-10","stripping","alsoPlaying=natsuki,alsoPlayingStage=7-10","stripping","A-anyways... my shirt should be next, I think...","resp-s3-strip-natsuki-3"
"","","","","","","","",""
"monika","4","natsuki","7-10","stripping","alsoPlaying=natsuki,alsoPlayingStage=7-10","stripping","...wait, <i>what</i>? When did this happen?!","resp-s4-strip-natsuki-5"
"monika","4","natsuki","0-3","stripping","alsoPlaying=natsuki,alsoPlayingNotSaidMarker=player_f,alsoPlayingStage=0-3","stripping","...give him more credit than <i>that</i>, Natsuki.","resp-s4-strip-natsuki-1"
"monika","4","natsuki","0-3","stripping","alsoPlaying=natsuki,alsoPlayingSaidMarker=player_f,alsoPlayingStage=0-3","stripping","...give her more credit than <i>that</i>, Natsuki.","resp-s4-strip-natsuki-2"
"monika","4","natsuki","4-6","stripping","alsoPlaying=natsuki,alsoPlayingNotSaidMarker=player_f,alsoPlayingStage=4-6","stripping","--because it was full of cute girls, Natsuki? ...well, I mean... he's not wrong.","resp-s4-strip-natsuki-3"
"monika","4","natsuki","4-6","stripping","alsoPlaying=natsuki,alsoPlayingSaidMarker=player_f,alsoPlayingStage=4-6","stripping","--because it was full of cute girls, Natsuki? ...so? I mean... she's not wrong, right?","resp-s4-strip-natsuki-4"
"","","","","","","","",""
"monika","5","natsuki","0-3","stripping","alsoPlaying=natsuki,alsoPlayingStage=0-3","stripping","H-huh, is that so, Natsuki? I guess I <i>do</i> usually keep it up... do you think I should let it down more often? What do you think, ~player~?","resp-s5-strip-natsuki-1"
"monika","5","natsuki","4-6","stripping","alsoPlaying=natsuki,alsoPlayingStage=4-6","stripping","Ahaha~ sorry, sorry!","resp-s5-strip-natsuki-2"
"monika","5","natsuki","7-10","stripping","alsoPlaying=natsuki,alsoPlayingStage=7-10","stripping","Ehehe~ sorry, Natsuki. On the other hand... well, I think you'll like this, ~player~...","resp-s5-strip-natsuki-3"
"","","","","","","","",""
"monika","6","natsuki","0-3","stripping","alsoPlaying=natsuki,alsoPlayingStage=0-3","stripping","Well... here~ I~ go~!","resp-s6-strip-natsuki-1"
"monika","6","natsuki","4-6","stripping","alsoPlaying=natsuki,alsoPlayingStage=4-6","stripping","And... off comes the bra~!","resp-s6-strip-natsuki-2"
"monika","6","natsuki","7-10","stripping","alsoPlaying=natsuki,alsoPlayingStage=7-10","stripping","You were waiting to see these, weren't you~?","resp-s6-strip-natsuki-3"
"","","","","","","","",""
"monika","7","natsuki","0-3","stripping","alsoPlaying=natsuki,alsoPlayingStage=0-3","stripping","Well, here goes <i>nothing!</i>","resp-s7-strip-natsuki-1"
"monika","7","natsuki","4-6","stripping","alsoPlaying=natsuki,alsoPlayingStage=4-6","stripping","I guess you're about to see me. <i>All</i> of me.","resp-s7-strip-natsuki-2"
"monika","7","natsuki","7-10","stripping","alsoPlaying=natsuki,alsoPlayingStage=7-10","stripping","Just let me slip this off for you~","resp-s7-strip-natsuki-3"
"","","","","","","","",""
"natsuki","0-3","monika","1","female_removed_accessory","target=monika,targetStage=1","upset","R-right in front of ~player~ too...",""
"natsuki","4-6","monika","1","female_removed_accessory","target=monika,targetStage=1","upset","I guess, even Miss Perfect President can be careless sometimes...",""
"natsuki","7-10","monika","1","female_removed_accessory","target=monika,targetStage=1","happy","I-it's kinda weird... seeing Miss Perfect's panties...",""
"","","","","","","","",""
"natsuki","0-3","monika","3","female_removed_accessory","target=monika,targetStage=3","fear","H-huh? Where did... When did Monika lose her cardigan...?",""
"natsuki","4-6","monika","3","female_removed_accessory","target=monika,targetStage=3","fear","Did Monika remove her cardigan? I though she was still on her blazer...",""
"natsuki","7-10","monika","3","female_removed_accessory","target=monika,targetStage=3","fear","Uh, wait, where did her cardigan go? D-did I zone out again?",""
"","","","","","","","",""
"natsuki","0-3","monika","6","female_removed_accessory","target=monika,targetStage=6","upset","Eh!? And of course you look even prettier this way! You really can make me jealous sometimes, you know!?",""
"natsuki","4-6","monika","6","female_removed_accessory","target=monika,targetStage=6","tsun","And to add insult to injury, she has this hot ""bedroom"" look to her now, with her hair down...",""
"natsuki","7-10","monika","6","female_removed_accessory","target=monika,targetStage=6","boobenvy","N-not that I'm disappointed. You're not my type. <i>Girls</i> aren't my type.",""
"","","","","","","","",""
"monika","0-3","natsuki","1","female_removed_accessory","target=natsuki,targetStage=1","exasperated","Well, you're no fun, Natsuki...","tgt-natsuki-s1-poststrip-1"
"monika","4-5","natsuki","1","female_removed_accessory","target=natsuki,targetStage=1","happy","~player~, Natsuki <i>clearly</i> doesn't want to be here. Why not just restart the game and pick just me instead?","tgt-natsuki-s1-poststrip-2"
"monika","6-10","natsuki","1","female_removed_accessory","target=natsuki,targetStage=1","happy","Feel free to do that, Natsuki. I wouldn't mind at all~","tgt-natsuki-s1-poststrip-3"
"","","","","","","","",""
"monika","0-3","natsuki","4","female_removed_accessory","target=natsuki,targetStage=4","happy","Alright, alright, Natsuki! There's no need to get fussy on us~","tgt-natsuki-s4-poststrip-1"
"monika","4-5","natsuki","4","female_removed_accessory","target=natsuki,targetStage=4","exasperated","(<i>Sheesh. I think Natsuki might get even grumpier now that her small stuff is gone...</i>)","tgt-natsuki-s4-poststrip-2"
"monika","6-10","natsuki","4","female_removed_accessory","target=natsuki,targetStage=4","happy","Don't say I didn't warn you, ~player~!","tgt-natsuki-s4-poststrip-3"
"","","","","","","","",""
"natsuki","0-3","monika","2","female_removed_minor","target=monika,targetStage=2","isthatapenis","...Doing it again kind of... I dunno, this seems a little... out of character for you. You're not usually this slut-- Eep!!",""
"natsuki","4-6","monika","2","female_removed_minor","target=monika,targetStage=2","smug","I dunno, this seems a little... <i>slutty</i> for you. (<i>W-wait, what did I just...</i>)",""
"natsuki","7-10","monika","2","female_removed_minor","target=monika,targetStage=2","tsun","Y-you know, showing your panties again-- That can't be an accident, right? Is our president being <i>slut</i>--!?",""
"","","","","","","","",""
"monika","0-3","natsuki","2","female_removed_minor","target=natsuki,targetStage=2","writing-tip","Anyways! Let's continue, everyone!","tgt-natsuki-s2-poststrip-1"
"monika","0-3","natsuki","2","female_removed_minor","target=natsuki,targetStage=2,totalExposed=1-3","exasperated","I-I suppose Natsuki's right, ~player~. It's rude to stare!","tgt-natsuki-s2-poststrip-1"
"monika","4-6","natsuki","2","female_removed_minor","target=natsuki,targetStage=2","questioning","Why are you embarassed, Natsuki? You're not exposed or anything.","tgt-natsuki-s2-poststrip-2"
"monika","4-6","natsuki","2","female_removed_minor","target=natsuki,targetStage=2,totalExposed=1-3","writing-tip","Natsuki has a point, ~player~. Don't stare at her, that's rude! (<i>I-I wouldn't mind if you stared at me, though...</i>)","tgt-natsuki-s2-poststrip-2"
"monika","7-10","natsuki","2","female_removed_minor","target=natsuki,targetStage=2,totalExposed=1-3","writing-tip","Natsuki's right, ~player~. There are <i>definitely</i> more interesting things to admire, at this table!","tgt-natsuki-s2-poststrip-3"
"","","","","","","","",""
"monika","0-3","natsuki","3","female_removed_minor","target=natsuki,targetStage=3","happy","...thanks for the friendly reminder though, I guess?","tgt-natsuki-s3-poststrip-1"
"monika","4-5","natsuki","3","female_removed_minor","target=natsuki,targetStage=3","writing-tip","Speaking of synonyms, perhaps it wouldn't hurt to try to use them just a bit more in your writing, Natsuki?","tgt-natsuki-s3-poststrip-2"
"monika","6-10","natsuki","3","female_removed_minor","target=natsuki,targetStage=3","happy","...are you going to try teaching us any more grade-school concepts, Natsuki?","tgt-natsuki-s3-poststrip-3"
"","","","","","","","",""
"natsuki","0-3","monika","4","female_removed_major","target=monika,targetStage=4","donotwant","(<i>I-is she into ~player~!?</i>)",""
"natsuki","4-6","monika","4","female_removed_major","target=monika,targetStage=4","mad","... (<i>That bitch...!</i>)",""
"natsuki","7-8","monika","4","female_removed_major","target=monika,targetStage=4","woah","W-wait, y-you aren't right...? (<i>Right...?</i>)",""
"","","","","","","","",""
"natsuki","0-3","monika","5","female_removed_major","target=monika,targetStage=5","upset","Nn-- Jeez, that was probably mean of me. S-sorry, ~player~.",""
"natsuki","4-6","monika","5","female_removed_major","target=monika,targetStage=5","upset","I-- I'm sorry, ~player~. I-I didn't mean it. I didn't mean it!",""
"natsuki","7-10","monika","5","female_removed_major","target=monika,targetStage=5","donotwant","Fuck. Um. S-sorry. That was a lie. M-mostly. Partially.",""
"","","","","","","","",""
"monika","0-3","natsuki","5","female_removed_major","target=natsuki,targetStage=5","shocked","...um. (<i>Should I tell her?</i>)","tgt-natsuki-s5-poststrip-1"
"monika","4-5","natsuki","5","female_removed_major","target=natsuki,targetStage=5","happy","Yeah, your shirt, uh, definitely covers up your panties, Natsuki. (<i>...I'll just let her figure out on her own.</i>)","tgt-natsuki-s5-poststrip-2"
"monika","6-10","natsuki","5","female_removed_major","target=natsuki,targetStage=5","happy","...<i>pff--</i> ...I-I mean, uh, yeah! Yep, your shirt totally works, Natsuki. Can't see a thing. (<i>Okay, Monika, don't laugh... don't laugh...</i>)","tgt-natsuki-s5-poststrip-3"
"","","","","","","","",""
"monika","0-3","natsuki","6","female_removed_major","target=natsuki,targetStage=6","awkward-question","...but, um, thanks for sharing?","tgt-natsuki-s6-poststrip-1"
"monika","4-5","natsuki","6","female_removed_major","target=natsuki,targetStage=6","interested","But I'm <i>sure</i> you have more stuff back home. No need to impress me.","tgt-natsuki-s6-poststrip-2"
"monika","6-10","natsuki","6","female_removed_major","target=natsuki,targetStage=6","happy","There's no need to project, or anything, you know?","tgt-natsuki-s6-poststrip-3"
"","","","","","","","",""
"monika","0-10","natsuki","7","female_small_chest_is_visible","target=natsuki,targetSaidMarker=not_1st,targetStage=7,totalExposed=1","interested","At the rate things are going for you, Natsuki... it won't be long before you're down and out, ehehe~","tgt-natsuki-s7-poststrip-1"
"monika","0-3","natsuki","7","female_small_chest_is_visible","target=natsuki,targetStage=7","shocked","...oh, really? (<i>I thought she was talking about her height...</i>)","tgt-natsuki-s7-poststrip-2"
"monika","4-5","natsuki","7","female_small_chest_is_visible","target=natsuki,targetStage=7","interested","Don't worry, Natsuki! I'm sure there are plenty of people out there who like underdev-- I mean, um, <i>petite</i> girls. Right?","tgt-natsuki-s7-poststrip-3"
"monika","6-10","natsuki","7","female_small_chest_is_visible","target=natsuki,targetStage=7","shocked","Oh, sorry, Natsuki. Given how you were talking about <i>length</i>, I assumed you were talking about your height. I mean, you are pretty... um, <i>petite</i>. But, I guess your breasts are kind of <i>lean</i> too, so the metaphor still works!","tgt-natsuki-s7-poststrip-4"
"","","","","","","","",""
"natsuki","0-3","monika","","female_medium_chest_is_visible","target=monika","boobenvy","Oh...",""
"natsuki","4-6","monika","","female_medium_chest_is_visible","target=monika","boobenvy","(<i>Sh-she's openly flirting with ~player~ now...</i>)",""
"natsuki","8","monika","","female_medium_chest_is_visible","target=monika","tsun","(<i>D-damn it, she's closing the gap... W-wait, this isn't a race to the bottom!!</i>)",""
"natsuki","9-10","monika","","female_medium_chest_is_visible","target=monika","happy","(<i>D-damn it... B-but I'm already like this so... ~player~ is more interested in me right now!</i>)",""
"","","","","","","","",""
"natsuki","0-3","monika","","female_crotch_is_visible","target=monika","laugh","Huh... Oh, sorry. I just assumed ""Perfect"" Monika shaved down there. No biggy.",""
"natsuki","4-6","monika","","female_crotch_is_visible","target=monika","aroused","Huh...? Oh, sorry. I just assumed ""Perfect"" Monika shaved down there. No biggy.",""
"natsuki","7-10","monika","","female_crotch_is_visible","target=monika","embarrassed","Oh, you don't shave? I don't know why I just assumed you shaved.",""
"","","","","","","","",""
"monika","0-3","natsuki","8","female_crotch_is_visible","target=natsuki,targetStage=8","questioning","...you shave, Natsuki?","tgt-natsuki-s8-poststrip-2"
"monika","4-5","natsuki","8","female_crotch_is_visible","target=natsuki,targetStage=8","shocked","Oh, jeez, do I want to... oh, nevermind. You actually <i>are</i> a girl, I guess...","tgt-natsuki-s8-poststrip-3"
"monika","6-10","natsuki","8","female_crotch_is_visible","target=natsuki,targetStage=8","shocked","Do I <i>want</i> to know what you've revealed-- oh, it's nothing. O-okay then. So, u-um, uh... Natsuki! You shave?","tgt-natsuki-s8-poststrip-4"
"monika","0-7","natsuki","8","female_crotch_is_visible","target=natsuki,targetStage=8,totalNaked=1","exasperated","Actually, I really hope you get better, because I have <i>no</i> idea how you're going to handle the forfeit. Emotionally speaking.","tgt-natsuki-s8-poststrip-1"
"","","","","","","","",""
"monika","1","natsuki","0-3","stripped","alsoPlaying=natsuki,alsoPlayingStage=0-3","questioning","""In front of ~player~""? I was just taking my shoes off, Natsuki, it's not... <i>oh</i>, right...","resp-s1-poststrip-natsuki-1"
"monika","1","natsuki","4-6","stripped","alsoPlaying=natsuki,alsoPlayingStage=4-6","questioning","...how was I being ""careless"", Natsuki? I was just... <i>oh</i>, I see...","resp-s1-poststrip-natsuki-2"
"monika","1","natsuki","7-10","stripped","alsoPlaying=natsuki,alsoPlayingStage=7-10","shocked","Eh? How did you see my... <i>oh</i>. Right...","resp-s1-poststrip-natsuki-3"
"","","","","","","","",""
"monika","2","natsuki","0-3","stripped","alsoPlaying=natsuki,alsoPlayingStage=0-3","exasperated","I'm not usually <i>what</i>, Natsuki?","resp-s2-poststrip-natsuki-1"
"monika","2","natsuki","4-6","stripped","alsoPlaying=natsuki,alsoPlayingStage=4-6","calm","...so! Let's continue!","resp-s2-poststrip-natsuki-2"
"monika","2","natsuki","7-10","stripped","alsoPlaying=natsuki,alsoPlayingStage=7-10","exasperated","Would you like to <i>tell</i> me something, Natsuki?","resp-s2-poststrip-natsuki-3"
"","","","","","","","",""
"monika","4","natsuki","0-3","stripped","alsoPlaying=natsuki,alsoPlayingStage=0-3","shy-nervous","...oh, gosh. I feel so exposed, ~player~...","resp-s4-poststrip-natsuki-1"
"monika","4","natsuki","4-6","stripped","alsoPlaying=natsuki,alsoPlayingStage=4-6","horny","B-but, anyways, ~player~! Um... h-how do I look?","resp-s4-poststrip-natsuki-2"
"monika","4","natsuki","7-10","stripped","alsoPlaying=natsuki,alsoPlayingStage=7-10","shy-happy","D-definitely not, Natsuki! I-I'm not nervous at all about ~player~ seeing me with my shirt off!","resp-s4-poststrip-natsuki-3"
"","","","","","","","",""
"monika","5","natsuki","0-3","stripped","alsoPlaying=natsuki,alsoPlayingStage=0-3","exasperated","Seriously, what do you have against ~player~?","resp-s5-poststrip-natsuki-1"
"monika","5","natsuki","4-6","stripped","alsoPlaying=natsuki,alsoPlayingStage=4-6","exasperated","Jeez, Natsuki. What do you have against ~player~?","resp-s5-poststrip-natsuki-2"
"monika","5","natsuki","7-10","stripped","alsoPlaying=natsuki,alsoPlayingStage=7-10","exasperated","...<i>partially</i>? So something still happened? ...well, whatever...","resp-s5-poststrip-natsuki-3"
"","","","","","","","",""
"monika","6","natsuki","0-3","stripped","alsoPlaying=natsuki,alsoPlayingStage=0-3","happy","Why thank you, Natsuki. Do you think so too.... ~player~?","resp-s6-poststrip-natsuki-1"
"monika","6","natsuki","4-6","stripped","alsoPlaying=natsuki,alsoPlayingStage=4-6","interested","A ""bedroom"" look, huh.... well, if it's with <i>you</i>, ~player~...","resp-s6-poststrip-natsuki-2"
"monika","6","natsuki","7-8","stripped","alsoPlaying=natsuki,alsoPlayingStage=7-8","interested","You know, ~player~, standing around in my underwear like this doesn't really feel so bad, anymore. Maybe I should... move a bit <i>faster</i>?","resp-s6-poststrip-natsuki-3"
"monika","6","natsuki","9-10","stripped","alsoPlaying=natsuki,alsoPlayingStage=9-10","happy","Hmm... standing around with just my bra and panties on... actually isn't as embarassing, anymore. So, ~player~... perhaps you'll see me on the ground soon, like Natsuki over there, ehehe~","resp-s6-poststrip-natsuki-4"
"","","","","","","","",""
"monika","7","natsuki","0-3","stripped","alsoPlaying=natsuki,alsoPlayingStage=0-3","horny","So, ~player~... do you like what you see?","resp-s7-poststrip-natsuki-1"
"monika","7","natsuki","4-6","stripped","alsoPlaying=natsuki,alsoPlayingStage=4-6","happy","So... how are they, ~player~?","resp-s7-poststrip-natsuki-2"
"monika","7","natsuki","7-8","stripped","alsoPlaying=natsuki,alsoPlayingStage=7-8","horny","Just two wins left, ~player~!","resp-s7-poststrip-natsuki-3"
"monika","7","natsuki","9-10","stripped","alsoPlaying=natsuki,alsoPlayingStage=9-10","happy","So, ~player~, did I pique your interest...?","resp-s7-poststrip-natsuki-4"
"","","","","","","","",""
"monika","8","natsuki","0-3","stripped","alsoPlaying=natsuki,alsoPlayingStage=0-3","interested","Hm? Natsuki, I didn't think you'd be so interested in what I had <i>down there</i>.","resp-s8-poststrip-natsuki-1"
"monika","8","natsuki","4-6","stripped","alsoPlaying=natsuki,alsoPlayingStage=4-6","interested","I didn't realize you were interested in what I did <i>down there</i>, Natsuki...","resp-s8-poststrip-natsuki-2"
"monika","8","natsuki","7-10","stripped","alsoPlaying=natsuki,alsoPlayingStage=7-10","interested","No, I don't shave, Natsuki. Why, are you interested?","resp-s8-poststrip-natsuki-3"
"","","","","","","","",""
"monika","8","natsuki","","must_masturbate_first","alsoPlaying=natsuki","calm","Well, I guess I've lost... hm? You didn't know, Natsuki?","resp-s8-premast-natsuki-1"
"","","","","","","","",""
"monika","8","natsuki","","must_masturbate","alsoPlaying=natsuki","shy-happy","Whatever you say, Natsuki... a-anyways, ~player~, do you think you could... well, give me a <i>hand</i> here? I-It's kind of embarassing to say this, but... well, it'd make things a lot easier.","resp-s8-premast-natsuki-2"
"","","","","","","","",""
"natsuki","0-10","monika","","female_must_masturbate","notSaidMarker=1st_fap,target=monika","laugh","Hahah! I'm better than you at <i>something</i>, Monika! H-huh? W-wait the forfeit is...!?","1st_fap"
"natsuki","0-10","monika","","female_must_masturbate","saidMarker=1st_fap,target=monika","laugh","Ha! Not so perfect <i>now!</i>",""
"","","","","","","","",""
"monika","0-8","natsuki","8","female_must_masturbate","target=natsuki,targetNotSaidMarker=1st_fap,targetStage=8","questioning","Oh, jeez. Are you <i>sure</i> you're really up for the forfeit, Natsuki?","tgt-natsuki-s8-premast-1"
"monika","0-3","natsuki","8","female_must_masturbate","target=natsuki,targetStage=8","interested","Jeez... you really did badly during the game, Natsuki. I mean, you're already out, and I've still got most of my clothes on...","tgt-natsuki-s8-premast-2"
"monika","4-5","natsuki","8","female_must_masturbate","target=natsuki,targetStage=8","interested","Jeez... you really screwed up this game, Natsuki. I mean, it feels like I've barely undressed, and you're already out.","tgt-natsuki-s8-premast-3"
"monika","6-10","natsuki","8","female_must_masturbate","target=natsuki,targetStage=8","happy","It looks like it's your turn to go at it, Natsuki!","tgt-natsuki-s8-premast-4"
"","","","","","","","",""
"natsuki","0-10","monika","","female_start_masturbating","target=monika","isthatapenis","W-wait, what!? Th-this is... So lucid... I really am dreaming...!",""
"","","","","","","","",""
"monika","0-3","natsuki","8","female_start_masturbating","target=natsuki,targetStage=8","happy","Try not to stare <i>too</i> much, ~player~, ehehe~","tgt-natsuki-s8-start-mast-1"
"monika","4-5","natsuki","8","female_start_masturbating","target=natsuki,targetStage=8","happy","Remember, ~player~: If you stare, I might get a bit... <i>jealous</i>, ehehe~","tgt-natsuki-s8-start-mast-2"
"monika","6-8,10","natsuki","8","female_start_masturbating","target=natsuki,targetStage=8","horny","(<i>I'll admit, I did have... well, more than a few fantasies about stuff like this and the Literature Club, but... well, that'll be our secret, ~player~.</i>)","tgt-natsuki-s8-start-mast-3"
"monika","9","natsuki","8","female_start_masturbating","target=natsuki,targetStage=8","horny","Really, Natsuki... it's a lot easier than you'd think, ehehe~! Or, maybe you need some... <i>help</i>? Ahaha! I'm just kidding, ~player~...","tgt-natsuki-s8-start-mast-4"
"","","","","","","","",""
"natsuki","9","monika","9","masturbating","alsoPlaying=monika,alsoPlayingStage=9","happy","Y-you know Monika, I bet you could show me a trick or two...",""
"natsuki","9","monika","9","masturbating","alsoPlaying=monika,alsoPlayingStage=9","embarrassed","Ehehe, this is so gross, it's like it's just Monika and me here...",""
"natsuki","9","monika","9","masturbating","alsoPlaying=monika,alsoPlayingStage=9","pinup","M-Monika, do you think we could... You know, try out some stuff from some of my... Uu... more ""adult"" manga? I don't think we'd get to do this without ~player~ picking us both again for this game...",""
"natsuki","9","monika","","masturbating","alsoPlaying=monika,priority=0,totalFinished=0,totalMasturbating=1","upset","Monika, don't m-make me do this alone.",""
"","","","","","","","",""
"natsuki","0-3","monika","","female_masturbating","target=monika","upset","I-is this... does this look weird to anyone else??",""
"natsuki","0-3","monika","","female_masturbating","target=monika","smug","I get to watch her finger that perfect little... Ehehe, I guess I can get a bit pervy too... B-but this is mostly me being a horrible person, n-not gay. (<i>Wait. Fuck.</i>)",""
"natsuki","0-3","monika","","female_masturbating","target=monika","mad","H-hey! You stop that, Monika! I can't see while you do weird dream stuff!",""
"natsuki","0-3","monika","","female_masturbating","target=monika","smug","I'm glad this is a dream. I can stare all I want and nobody thinks I'm a perv.",""
"natsuki","0-3","monika","","female_masturbating","target=monika","aroused","Wow, dream Monika really is a whore, huh?",""
"natsuki","0-3","monika","","female_masturbating","target=monika","laugh","I-if this is a dream, I can say whatever I want, huh? ...W-well maybe not <i>that</i>.",""
"","","","","","","","",""
"monika","10","natsuki","9","female_masturbating","target=natsuki,targetStage=9","happy","I-It really does feel nice, doesn't it, Natsuki?","tgt-natsuki-s9-mast-25"
"monika","10","natsuki","9","female_masturbating","target=natsuki,targetStage=9","happy","I-It's good to... relieve tension, isn't it, Natsuki?","tgt-natsuki-s9-mast-26"
"monika","10","natsuki","9","female_masturbating","target=natsuki,targetStage=9","shy-nervous","J-jeez, those noises coming from Natsuki are...","tgt-natsuki-s9-mast-27"
"monika","10","natsuki","9","female_masturbating","target=natsuki,targetStage=9","shy-nervous","J-jeez, Natsuki's... u-um, pretty vocal, isn't she...?","tgt-natsuki-s9-mast-28"
"monika","10","natsuki","9","female_masturbating","target=natsuki,targetStage=9","shy-happy","O-Oh, I think Natsuki might be... um... making me wet again...!","tgt-natsuki-s9-mast-29"
"monika","10","natsuki","9","female_masturbating","target=natsuki,targetStage=9","shy-happy","Ahaha... N-Natsuki's pretty loud, isn't she, ~player~?","tgt-natsuki-s9-mast-30"
"monika","10","natsuki","9","female_masturbating","target=natsuki,targetStage=9","shy-nervous","(<i>J-just treat this like a... a normal Literature Club activity, Monika...</i>)","tgt-natsuki-s9-mast-31"
"monika","6-8","natsuki","9","female_masturbating","target=natsuki,targetStage=9","horny","So, ~player~... are you imagining <i>me</i> making those cute little noises Natsuki is making...?","tgt-natsuki-s9-mast-8"
"monika","6-8","natsuki","9","female_masturbating","target=natsuki,targetStage=9","horny","Ehehe... I bet you're imagining <i>me</i> making those cute little noises together with Natsuki, hm...?","tgt-natsuki-s9-mast-9"
"monika","6-8","natsuki","9","female_masturbating","target=natsuki,targetStage=9","shy-happy","(<i>Eyes on the cards, Monika...</i>)","tgt-natsuki-s9-mast-10"
"monika","6-8","natsuki","9","female_masturbating","target=natsuki,targetStage=9","shy-nervous","(<i>Eyes on the cards, ~player~...</i>)","tgt-natsuki-s9-mast-11"
"monika","6-8","natsuki","9","female_masturbating","target=natsuki,targetStage=9","shy-happy","(<i>I really need to keep my eyes on the cards...</i>)","tgt-natsuki-s9-mast-12"
"monika","6-8","natsuki","9","female_masturbating","target=natsuki,targetStage=9","shy-nervous","(<i>You should really keep your eyes on the cards, ~player~...</i>)","tgt-natsuki-s9-mast-13"
"monika","6-8","natsuki","9","female_masturbating","notSaidMarker=tgt-natsuki-s9-mast-7,target=natsuki,targetStage=9,totalFinished=0,totalMasturbating=1","shy-nervous","...somehow, I don't think you'll be alone for long, Natsuki...","tgt-natsuki-s9-mast-7"
"monika","9","natsuki","9","female_masturbating","notSaidMarker=tgt-natsuki-sharing-1,priority=400,target=natsuki,targetStage=9","questioning","(<i>Would ~player~ be-- no, no. I-I'm not sharing...</i>)","tgt-natsuki-sharing-1"
"monika","9","natsuki","9","female_masturbating","notSaidMarker=tgt-natsuki-sharing-2,priority=400,saidMarker=tgt-natsuki-sharing-1,target=natsuki,targetStage=9","shy-nervous","(<i>I-I'm d-definitely not sharing... n-not even if Natsuki's m-making those noises...</i>)","tgt-natsuki-sharing-2"
"monika","9","natsuki","9","female_masturbating","notSaidMarker=tgt-natsuki-sharing-3,priority=400,saidMarker=tgt-natsuki-sharing-2,target=natsuki,targetStage=9","horny","(<i>I-I mean... even if she is incredibly annoying, and in love with ~player~, too... i-it might be fun to... um... N-no! I'm not--!</i>)","tgt-natsuki-sharing-3"
"monika","9","natsuki","9","female_masturbating","priority=400,target=natsuki,targetStage=9","happy","J-just a normal-- ah!-- L-Literature Club activity, r-right ~player~? Ehehe...","tgt-natsuki-s9-mast-17"
"monika","9","natsuki","9","female_masturbating","priority=400,target=natsuki,targetStage=9","happy","W-well, I-I guess you could call this... um, c-<i>club bonding</i>, right, ~player~? Ah--!","tgt-natsuki-s9-mast-18"
"monika","9","natsuki","9","female_masturbating","priority=400,target=natsuki,targetStage=9","happy","I-I guess this is c-<i>club bonding</i>, r-right, ~player~? O-oh!","tgt-natsuki-s9-mast-19"
"monika","9","natsuki","9","female_masturbating","priority=400,target=natsuki,targetStage=9","happy","T-this is totally not what you'd expect from a L-Literature Club, r-right, ~player~? Ahaha~","tgt-natsuki-s9-mast-20"
"monika","9","natsuki","9","female_masturbating","priority=400,saidMarker=tgt-natsuki-sharing-3,target=natsuki,targetStage=9","horny","A-are you imagining me giving Natsuki <i>pointers</i>, here, ~player~?","tgt-natsuki-s9-mast-21"
"monika","9","natsuki","9","female_masturbating","priority=400,saidMarker=tgt-natsuki-sharing-3,target=natsuki,targetStage=9","horny","Y-you're imagining me giving Natsuki a <i>helping hand</i> here, aren't you, ~player~? Ahaha~ you totally are! I wouldn't mind, though...","tgt-natsuki-s9-mast-22"
"monika","9","natsuki","9","female_masturbating","priority=400,saidMarker=tgt-natsuki-sharing-3,target=natsuki,targetStage=9","questioning","Manga probably isn't the most realistic source, but... I wonder if Natsuki learned any techniques...","tgt-natsuki-s9-mast-23"
"monika","9","natsuki","9","female_masturbating","priority=400,saidMarker=tgt-natsuki-sharing-3,target=natsuki,targetStage=9","shy-happy","T-to be honest, ~player~... I'm kind of wondering how much Natsuki might have... um, <i>learned</i> from her manga... you know?","tgt-natsuki-s9-mast-24"
"monika","0-5","natsuki","9","female_masturbating","target=natsuki,targetStage=9","shy-nervous","I-I'll admit, those s-sounds Natsuki is making are... r-really, really distracting me, ~player~. Sorry...","tgt-natsuki-s9-mast-1"
"monika","0-5","natsuki","9","female_masturbating","target=natsuki,targetStage=9","shy-nervous","D-do you have to be so... um, v-vocal, Natsuki? H-honestly...","tgt-natsuki-s9-mast-2"
"monika","0-5","natsuki","9","female_masturbating","target=natsuki,targetStage=9","shy-nervous","R-really, Natsuki, do you have to be so-- uhm, loud? It's really distracting!","tgt-natsuki-s9-mast-3"
"monika","0-5","natsuki","9","female_masturbating","target=natsuki,targetStage=9","shy-nervous","R-remember, ~player~: don't get distracted. (<i>Like me...</i>)","tgt-natsuki-s9-mast-4"
"monika","0-5","natsuki","9","female_masturbating","target=natsuki,targetStage=9","shy-nervous","K-keep your head in the game, ~player~. (<i>...don't get distracted, Monika...</i>)","tgt-natsuki-s9-mast-5"
"monika","0-5","natsuki","9","female_masturbating","target=natsuki,targetStage=9","shy-nervous","(<i>Just... keep your mind on the game, Monika, and not on... those sounds...</i>)","tgt-natsuki-s9-mast-6"
"","","","","","","","",""
"monika","10","natsuki","0-3","finished_masturbating","alsoPlaying=natsuki,alsoPlayingStage=0-3,timeInStage=0","happy","You don't need to worry, Natsuki! It's nothing!","resp-s10-finished-natsuki-1"
"monika","10","natsuki","4-10","finished_masturbating","alsoPlaying=natsuki,alsoPlayingStage=4-10,timeInStage=0","questioning","Eh? What weirdness? Are you sure you're okay, Natsuki?","resp-s10-finished-natsuki-2"
"monika","10","natsuki","","finished_masturbating","alsoPlaying=natsuki,timeInStage=1","awkward-question","Oh, jeez. I was doing all of that in front of Natsuki... she's never going to let me live this down, huh?","resp-s10-finished-natsuki-3"
"monika","10","natsuki","","finished_masturbating","alsoPlaying=natsuki,timeInStage=1","awkward-question","Oh, jeez, Natsuki saw me do all of that, huh... she's never going to let me live this down...","resp-s10-finished-natsuki-4"
"monika","10","natsuki","","finished_masturbating","alsoPlaying=natsuki,timeInStage=1","awkward-question","I-I never thought I'd do that in front of anyone... much less in front of Natsuki...","resp-s10-finished-natsuki-5"
"","","","","","","","",""
"natsuki","10","monika","-10","finished_masturbating","alsoPlaying=monika,alsoPlayingStage=-10,priority=0","embarrassed","I guess we both suck at this, huh Monika?",""
"","","","","","","","",""
"natsuki","0-3","monika","","female_finished_masturbating","target=monika","aroused","You know, Monika, this whole thing was really weird, but I can't get mad at <i>you</i> for some reason...",""
"natsuki","4-10","monika","","female_finished_masturbating","target=monika","fear","H-hey, Monika, now that you're done, I don't suppose you mind, nn-- just, stopping whatever weirdness you're causing?",""
"","","","","","","","",""
"monika","0-10","natsuki","10","female_finished_masturbating","target=natsuki,targetSaidMarker=slepy_gurl,targetStage=10","exasperated","Oh, jeez. She fell asleep, didn't she?","tgt-natsuki-s10-finished-1"
"monika","0-3","natsuki","10","female_finished_masturbating","target=natsuki,targetStage=10","questioning","...I never thought I'd see that, from Natsuki...","tgt-natsuki-s10-finished-2"
"monika","4-5","natsuki","10","female_finished_masturbating","target=natsuki,targetStage=10","questioning","So that's who Natsuki truly is, huh...","tgt-natsuki-s10-finished-3"
"monika","6-8,10","natsuki","10","female_finished_masturbating","target=natsuki,targetStage=10","happy","I like to think I know how to take care of my club members... but I guess it's also good for my club members to know how to take care of themselves, right~?","tgt-natsuki-s10-finished-5"
"monika","9","natsuki","10","female_finished_masturbating","target=natsuki,targetStage=10","mast-2-alt","O-oh, jeez, t-that sounded... um, <i>intense</i>... ah~!","tgt-natsuki-s10-finished-4"
"","","","","","","","",""
