stage,case,conditions,image,text,marker,priority,silent
meta,first,,,Sayori,,,
meta,last,,,,,,
meta,label,,,Sayori,,,
meta,gender,,,female,,,
meta,size,,,small,,,
meta,timer,,,25,,,
meta,intelligence,,,bad,,,
meta,intelligence,stage=4,,good,,,
meta,intelligence,stage=5,,good,,,
meta,intelligence,stage=6,,average,,,
meta,intelligence,stage=7,,average,,,
meta,tags,,,hairy,,,
meta,tags,,,school_uniform,,,
meta,tags,,,student,,,
meta,tags,,,pink_hair,,,
meta,tags,,,visual_novel,,,
meta,tags,,,moe,,,
meta,tags,,,straight,,,
meta,tags,,,bi_curious,,,
meta,tags,,,medium_hair,,,
meta,tags,,,cheerful,,,
meta,tags,,,fair-skinned,,,
meta,tags,,,single,,,
meta,tags,,,enf,,,
meta,tags,,,messy_hair,,,
meta,tags,,,ddlc,,,
meta,tags,,,blue_eyes,,,
meta,tags,,,ditzy,,,
meta,tags,,,exotic_hair,,,
meta,tags,,,small_breasts,,,
meta,enabled,,,true,,,
meta,description,,,"Sayori is the ditzy, cheerful and somewhat clumsy Vice-President of the Literature Club.",,,
meta,selection_pic,,,0-calm.png,,,
meta,height,,,"5'6""",,,
meta,source,,,Doki Doki Literature Club,,,
meta,writer,,,"FarawayVision, Psyga315",,,
meta,artist,,,"Robotnik (main model), FarawayVision (posing)",,,
meta,has_ending,,,false,,,
meta,clothing,,,"Panties,panties,important,lower",,,
meta,clothing,,,"Bra,bra,important,upper",,,
meta,clothing,,,"Skirt,skirt,major,upper",,,
meta,clothing,,,"Shirt,shirt,major,upper",,,
meta,clothing,,,"Shoes,shoes,minor,lower",,,
meta,clothing,,,"Sweater,sweater,minor,upper",,,
meta,clothing,,,"Blazer,blazer,minor,upper",,,
,,,,,,,
start,select,,excited,"Let's have ourselves a fun game, ehe~!",,,
start,select,alsoPlaying=monika,happy,"Hi, ~player~! Hi, Monika! Let's have a fun game, ehe~!",,,
start,select,alsoPlaying=natsuki,excited,"Yay, Natsuki's here, too! Let's have a fun game, ehe~!",,,
start,select,alsoPlaying=yuri,happy,"Eh? Yuri, you're here too! This is gonna be a fun game, ehe~!",,,
start,start,,nervous,S-sorry if I'm late! I was too busy sleeping in bed!,,,
start,start,alsoPlaying=monika,nervous,S-sorry if I'm late! T-The directions Monika gave were kinda confusing...,,,
start,start,alsoPlaying=natsuki,thinking,"Soooo... how did you find this place, Natsuki?",,,
start,start,alsoPlaying=yuri,embarassed,"Soooo... I didn't expect to find you at a place like this, Yuri!",,,
,,,,,,,
0,hand_chatter,totalRounds=0,happy,I-- I didn't expect to ever play a game of <i>strip poker</i>... b-but if it's with ~player~ I guess it could be fun! I'll give it my best!,,,
0,hand_chatter,"totalRounds=0, alsoPlaying=monika",happy,"I-- I didn't expect to ever play a game of <i>strip poker</i>... b-but if it's with ~player~ and Monika, I guess it could be fun! I'll give it my best!",,,
0,hand_chatter,"totalRounds=0, alsoPlaying=yuri",happy,"I-- I didn't expect to ever play a game of <i>strip poker</i>... b-but if it's with ~player~ and Yuri, I guess it could be fun! I'll give it my best!",,,
0,hand_chatter,"totalRounds=0, alsoPlaying=natsuki",happy,"I-- I didn't expect to ever play a game of <i>strip poker</i>... b-but if it's with ~player~ and Natsuki, I guess it could be fun! I'll give it my best!",,,
,,,,,,,
0-3,swap_cards,,happy,"~cards~ cards, please! Thanks!",,,
0-3,swap_cards,,happy,I'll take... ~cards~ cards! Ehehe~!,,,
0-3,swap_cards,,happy,"I'll swap out... this one! No wait, <i>this</i> one! ...Actually, just take these ~cards~, please!",,,
4-5,swap_cards,,thinking,"~cards~ c-cards! Uh, please!",,,
4-5,swap_cards,,thinking,"Should I swap this one, or <i>this</i> one... uhh... actually, just give me ~cards~, please!",,,
4-5,swap_cards,,thinking,U-uhm... I-I'll take ~cards~ cards. P-Please!,,,
6-7,swap_cards,,downcast,~cards~ cards... I guess...,,,
6-7,swap_cards,,downcast,"~cards~, I guess... not sure how much it'll help...",,,
6-7,swap_cards,,downcast,I'll just swap ~cards~...,,,
,,,,,,,
0-3,bad_hand,,sad,"Hey ~player~, c-can we swap hands? Pleeeeaaaase?",,,
0-3,bad_hand,,nervous,Uh-oh. This doesn't look pretty good...,,,
0-3,bad_hand,,shocked,"H-hey, ~player~, do you know if these are good cards? E-Eh? What do you mean I'm not supposed to show other players my cards?",,,
0-3,bad_hand,,thinking,Uhm... is it too late to swap cards again?,,,
0-3,okay_hand,,happy,"...uh, so... does anyone know what these shapes on the cards mean?",,,
0-3,okay_hand,,thinking,"Hmmm... could I write a poem with these cards, I wonder...",,,
0-3,okay_hand,,happy,"I-I think these cards are okay! I-I think, anyways... maybe...?",,,
0-3,okay_hand,"tag:ddlc=1, notSaidMarker=forgot-to-eat",awkward,"...I wish Natsuki were here. I kinda... forgot to eat anything on my way here, ehehe~",forgot-to-eat,,
0-3,good_hand,,excited,"Ooooh! This is good, isn't it?",,,
0-3,good_hand,,excited,"Thanks, Dealer! Ehehe~",,,
0-3,good_hand,,excited,"Eh? These cards... they're <i>really, really</i> good! Yay!",,,
0-3,good_hand,,happy,I need to win this!,,,
,,,,,,,
4,bad_hand,,awkward,E-Eh? Why are these cards... d-did I do something bad?,,,
4,bad_hand,,awkward,A-are these cards my punishment? Do I have to accept the revolution?!,,,
4,bad_hand,,awkward,Uh... can I get a redo? Pretty please?,,,
4,bad_hand,,sad,I lost my shirt and now <i>this</i>!?,,,
4,bad_hand,,sad,"If I lose any more, I'm going to die of embarrasment!",,,
4,okay_hand,,happy,"Hmm.... you know, ~player~? I kinda want to write a poem, now!",,,
4,okay_hand,,calm,"<a href=""https://www.youtube.com/watch?v=BFSWlDpA6C4""><i>Do doo dooo, de doo doop...</i></a> ...Oh! Was I humming? Sorry...",humming,,
4,okay_hand,,happy,"I-I guess things aren't so bad, right?",,,
4,good_hand,,excited,These cards... were they because I paid my restitution?!,,,
4,good_hand,,excited,Ehehe! I'm~ not~ stripping~ again~!,,,
4,good_hand,,excited,Oh! These are really good! Phew!,,,
4,good_hand,,happy,"I-if I lose here, t-then...",,,
4,good_hand,,happy,Yes! I can start winning now!,,,
,,,,,,,
5,bad_hand,,nervous,"(<i>Oh, no, no, no... what do I do...?!</i>) Uh... I'm fine, don't worry!",,,
5,bad_hand,,happy,"(<i>No, no, no... why...?!</i>) ...Don't worry about me, ~player~! I'm fine!",,,
5,bad_hand,,happy,"(<i>No... please, no...</i>) Eh? ~player~? I-I'm fine! Don't worry!",,,
5,bad_hand,,excited,"(<i>No, no, no... please, no...</i>) I'm doing great, ~player~! No need to worry!",,,
5,bad_hand,,excited,"(<i>No, no! I-- I don't want to have to--</i>) Ehehe~! No need to worry about me at all, ~player~!",,,
5,okay_hand,,happy,"(<i>K-Keep a smile on your face, Sayori... for ~player~...</i>) S-So! I-- think this hand is pretty alright! I think...",,,
5,okay_hand,,determined,(<i>Don't worry them...</i>) I-I think I'm alright for now!,,,
5,okay_hand,,happy,(<i>I- I can't worry ~player~...!</i>) E-Ehehe~! I think these cards are pretty alright~!,,,
5,okay_hand,,happy,"(<i>...just plaster over your feelings, Sayori, they don't want to hear about them...</i>) S-So! ~player~! How's your hand?",,,
5,good_hand,,excited,"(<i>Force your way through it, Sayori...</i>) ...Alright! I think my cards are really good, ~player~!",,,
5,good_hand,,determined,"(<i>Keep a smile on your face for their sake, Sayori...</i>) Ehehe~! I don't think I'll be the one stripping, this round!",,,
5,good_hand,,determined,"(<i>Don't give ~player~ a reason to be worried, Sayori!</i>) So~ooo... I think this hand's pretty good!",,,
5,good_hand,,excited,"(<i>Just plaster over your feelings and it'll be fine...</i>) Ehehe~! I... kinda wanna write a poem, now!",,,
,,,,,,,
2-3,good_hand,,happy,It's payback time!,,,
1-3,good_hand,,happy,This is for my blazer!,,,
,,,,,,,
0-3,good_hand,hasHand=Royal Flush,happy,A-Ah! T-this is a great hand!,,,
6-7,bad_hand,,getoutofmyhead,Please! I just want a good hand!,,,
6-7,bad_hand,,pessimistic,"... This is it, huh? I'm going to lose...",,,
6-7,bad_hand,,pessimistic,"This is my punishment, isn't it?",,,
6-7,bad_hand,,pessimistic,Oh. Of course I'd get these cards...,,,
6-7,bad_hand,,pessimistic,"I-I guess it's inevitable for me to lose, huh...",,,
6-7,bad_hand,,pessimistic,I-I kind of expected this...,,,
7,bad_hand,,crying,"Please, ~player~, just give me at least one of your cards!",,,
7,bad_hand,,getoutofmyhead,"<i>...get out of my head, get out of my head, get out of my head...</i>",,,
7,bad_hand,,sadsmile,But a poker game never ends... It just stops moving.,,,
6-7,okay_hand,,pessimistic,"I-It's not as bad as I thought, but... I'm still going to lose, I think...",,,
6-7,okay_hand,,getoutofmyhead,I-I don't want to look at these cards....,,,
6-7,okay_hand,,getoutofmyhead,"<i>...get out of my head, get out of my head, get out of my head...</i>",,,
6-7,good_hand,,sadsmile,"O-Oh. This is... fine, I guess...",,,
6-7,good_hand,,sadsmile,I-I guess I'm hanging on for one more round...,,,
6-7,good_hand,,sadsmile,"T-this isn't so bad, I think...",,,
,,,,,,,
0-5,bad_hand,consecutiveLosses=2-3,sad,W-Why do I keep getting cards like this?!,,,
0-5,bad_hand,consecutiveLosses=4-6,angry,"H-Hey! ~player~, the dealer's being mean to me! Get him to stop! Please!",,,
6-7,bad_hand,consecutiveLosses=2-3,sadsmile,Oh... Another bad hand...,,,
6-7,bad_hand,consecutiveLosses=4-6,sorry,"... This is just my punishment, isn't it?",,,
,,,,,,,
0,must_strip_winning,,excited,...Okay~! I guess I'll strip...,,,
0,must_strip_winning,,excited,"Eh? I lost? ...Okay, then~!",,,
0,must_strip_winning,,excited,"Ehehe... I guess I lost, huh?",,,
0,must_strip_normal,,shocked,"Eh? I've got to <i>STRIP?!</i> ...Oh, right! I forgot we were playing strip poker! Okay then~",,,
0,must_strip_normal,,thinking,"Hm... what to take off, what to take off...",,,
0,must_strip_normal,,happy,"Oh, right! I have to strip! ...wait, I have to strip? <i>Eh?!</i>",,,
0,must_strip_losing,,happy,Uh... okay then! I'll strip down for you all...,,,
0,must_strip_losing,,thinking,"So, uh, this is when I strip, right?",,,
0,must_strip_losing,,thinking,"So, uhm, I have to strip now, right?",,,
0,stripping,,stripping,"Oh, I know! I'll take off my blazer first, 'cause that's easiest~",,,
0,stripping,,stripping,"Eh~... taking off my shoes would be kinda annoying, sooooo... I'll ditch the blazer first!",,,
0,stripping,,stripping,"Oh... I didn't really think about what I'd do if I lose, sooooo... um, I'll take off the blazer first!",,,
1,stripped,,happy,"At least it's not too cold in here, right?",,,
1,stripped,,shocked,"Uhm... I can put it back on if it gets cold, right? Eh? I can't?",,,
1,stripped,,excited,"I thought the blazer looked cute, though... oh well~!",,,
,,,,,,,
1,must_strip_winning,,excited,"Oh, I lost again? I'm usually terrible at this, so I'm not mad~",,,
1,must_strip_winning,,excited,Ehehe... I didn't think I'd still be in the lead! Usually the others beat me at card games...,,,
1,must_strip_winning,,excited,"...um, okay then! I've gotta do it, right?",,,
1,must_strip_normal,,happy,"Aww, I lost again...",,,
1,must_strip_normal,,happy,"Aww, but I didn't really want to strip... fine.",,,
1,must_strip_normal,,happy,"I don't really wanna strip, but... um, I have to do what I have to do what I have to do. Right? ...Uhm, did I say that correctly?",,,
1,must_strip_losing,,nervous,Eh? Seriously?! But I just stripped!,,,
1,must_strip_losing,,nervous,"I-I'm really not going to get a break, am I?",,,
1,must_strip_losing,,nervous,Eh?! Again? But I'm already losing!,,,
1,stripping,,stripping,"You know, I'm not actually sure what this thing really is called. I-It's a sweater, right?",,,
1,stripping,,stripping,"If I took my blazer off last, then... it's only fitting that I take off this... uh... this thing! Right?",,,
1,stripping,,stripping,"Hmhm... what should I take off next...? Oh, I know, I'll take off my... uhm. My... <i>thing</i>! Okay!",,,
2,stripped,,excited,"I'll, uh... I'll call it the <i>""sweatervestcardigancoveringthing""</i>! Does that sound good to you, ~player~?",,,
2,stripped,,excited,"Uhm... I'll just call it ""under-blazer-clothing""! How does that sound, ~player~?",,,
2,stripped,,shocked,"I-It really is a sweater, right? Eh? What do you mean, it's a cardigan?",,,
,,,,,,,
2,must_strip_winning,,happy,"Ehehe... I'm winning, so I can't really get upset, can I?",,,
2,must_strip_winning,,happy,"Eh... I can't really get too hung up on losing, can I? Since I'm winning right now?",,,
2,must_strip_winning,,nervous,Eh? I have to strip again?,,,
2,must_strip_normal,,calm,"Really? I have to strip <i>again</i>? ...Okay then, I guess...",,,
2,must_strip_normal,,thinking,"Eh?! I have to strip again? Are you sure, ~player~?",,,
2,must_strip_normal,,calm,"Really? I lost? I-If you say so, ~player~...",,,
2,must_strip_losing,,nervous,Ehhh? Why do I keep losing?!,,,
2,must_strip_losing,,nervous,"I-I mean I'm used to losing at card games with the Literature Club, but...",,,
2,must_strip_losing,,nervous,"I-I'm not very good at cards, am I?",,,
2,stripping,,stripping,"Oh, no, I'm going to have to go topless, aren't I... oh wait, I have my shoes!",,,
2,stripping,,stripping,I'm going to have to take my shirt-- Wait! I don't! I-I still have my shoes!,,,
2,stripping,,stripping,"Well, I guess you're going to see me shirtle-- Oh, wait! I have shoes on! Right!",,,
3,stripped,,happy,Ahaha! Saved!,,,
3,stripped,,happy,That was a close call!,,,
3,stripped,,happy,"That was seriously close, ehehe~",,,
,,,,,,,
3,must_strip_winning,,nervous,"I-I really get that I'm winning, but... but...!",,,
3,must_strip_winning,,nervous,"I guess I'm still winning, but... um...!",,,
3,must_strip_winning,,nervous,"R-really? I-I mean, I'm winning, but... do I <i>really</i> have to?!",,,
3,must_strip_normal,,nervous,Uh-oh.,,,
3,must_strip_normal,,nervous,"T-this really isn't good, is it?",,,
3,must_strip_normal,,nervous,"I-I'm in trouble now, I think...",,,
3,must_strip_losing,,nervous,"Oh no, oh no, oh nooooo....",,,
3,must_strip_losing,,nervous,Ah! Nonononono....,,,
3,must_strip_losing,,nervous,...uhm. This isn't good.,,,
3,stripping,,stripping,"I-I don't have anything else, so... uhm...",,,
3,stripping,,stripping,"I-It's come to <i>this</i>, huh...",,,
3,stripping,,stripping,"I-I guess I have to go shirtless, ehehe...",,,
4,stripped,,determined,...okay! I-- I just have to think positively from here on out. And... go!,,,
4,stripped,,determined,"...okay! I just have to think positively, and I'll get through this!",,,
4,stripped,,determined,"...okay! Just think happy thoughts, Sayori...",,,
,,,,,,,
4,must_strip_winning,,determined,T-this isn't as bad as it seems! I'm still winning!,,,
4,must_strip_winning,,determined,"Okay, I lost! But it's not so bad! I'm still winning!",,,
4,must_strip_winning,,determined,"So, I lost, huh... but it's not so bad, yet! I'm still in the lead!",,,
4,must_strip_normal,,determined,"O-okay, so I lost... I-I'll just have to be more positive!",,,
4,must_strip_normal,,determined,I lost again... b-but that doesn't matter! I'll just be more postiive!,,,
4,must_strip_normal,,determined,Another loss.... b-but it doesn't matter! I'll just... redouble my effort!,,,
4,must_strip_losing,,determined,"A-alright, so I'm losing... but if I can just really get <i>serious</i>, now, I can still win!",,,
4,must_strip_losing,,determined,"O-okay! If I can really get <i>serious</i>, now, I can still get out of this losing streak!",,,
4,must_strip_losing,,determined,"I'm losing... b-but if I get <i>serious</i>, I-I think I can still win this!",,,
4,stripping,,stripping,A-and <i>I'mtakingoffmyskirtnowahahaha</i>...,,,
4,stripping,,stripping,"I-It's just your skirt, Sayori, don't get nervous...",,,
4,stripping,,stripping,"J-just pretend you're changing out of your uniform after a day at school, Sayori...",,,
5,stripped,,sad,"(<i>B-but what if I don't win? What happens then? I-I won't have to go home like this, right...?</i>)",,,
5,stripped,,sad,"(<i>B-but what happens if I don't win? What happens if I keep getting bad cards? I don't really know what good cards look like, do I...?</i>)",,,
5,stripped,,sad,"(<i>C-can I really do this? D-do I really know what I'm doing, here? What happens if I don't win? Does ~player~ think my panties are cute?</i>)",,,
,,,,,,,
5,must_strip_winning,,sad,"No, no, no...",,,
5,must_strip_winning,,sad,"...T-this isn't working, is it...",,,
5,must_strip_winning,,sad,"...T-this isn't working, nothing's working...",,,
5,must_strip_normal,,sad,I-I can't keep this up anymore...,,,
5,must_strip_normal,,sad,I can't do this... I can't do <i>anything</i>...,,,
5,must_strip_normal,,sad,Why isn't this working? Why can't I do <i>anything</i>?!,,,
5,must_strip_losing,,sad,"I-I really can't do this, can I...",,,
5,must_strip_losing,,sad,"I-I can't even win at cards, can I...",,,
5,must_strip_losing,,sad,"I-I'm as terrible at cards as I am with everything else, huh...",,,
5,stripping,,stripping,I- I just...,,,
5,stripping,,stripping,...,,,
5,stripping,,stripping,...why can't I...,,,
6,stripped,,crying,I can't even play a simple card game right...,,,
6,stripped,,crying,"T-this is a relatively simple card game, right? ...and I can't even play it well...",,,
6,stripped,,crying,"I-I'm really terrible at this, aren't I? Like everything else...",,,
,,,,,,,
6,must_strip_winning,,downcast,...okay...,,,
6,must_strip_winning,,downcast,"...sure, I'll do it...",,,
6,must_strip_winning,,downcast,...I guess I'll do it...,,,
6,must_strip_normal,,downcast,"...why, ~player~? Why does this keep happening to me?",,,
6,must_strip_normal,,downcast,"...okay, I'll do it... please don't stare...",,,
6,must_strip_normal,,downcast,"...I-- I have to do this, don't I? P-please don't stare...",,,
6,must_strip_losing,,downcast,"I-I have to do this, I guess... p-please don't look too closely...",,,
6,must_strip_losing,,downcast,"A-and I'm still losing, aren't I...",,,
6,must_strip_losing,,downcast,"I-I don't have a choice, do I...?",,,
6,stripping,,stripping,P-please stop staring at me...,,,
6,stripping,,stripping,"(<i>O-oh god, they're all staring, aren't they...? I-It almost feels like I'm frozen...</i>)",,,
6,stripping,,stripping,"(<i>J-just ignore everyone staring at you, Sayori, it'll all be over soon...</i>)",,,
7,stripped,,sorry,"I-I really can't do anything right, can I?",,,
7,stripped,,sorry,"I-I guess I kind of deserve this, right...?",,,
7,stripped,,sorry,"I-I deserve this, don't I...?",,,
,,,,,,,
7,must_masturbate_first,,getoutofmyhead,"W-Wait. I'm going to have to-- oh, no.",,,
7,must_masturbate_first,,getoutofmyhead,"Nonono... I'm going to have to do <i>that</i>, aren't I?",,,
7,must_masturbate_first,,getoutofmyhead,"Oh, no, no, no... I'm going to have to... do <i>that</i>...",,,
7,must_masturbate,,getoutofmyhead,"Oh, no. I-- I'm going to have to--",,,
7,must_masturbate,,getoutofmyhead,"Oh, no. No, no, no.... I'm going to have to...",,,
7,must_masturbate,,getoutofmyhead,"Oh, no... I-- I have to...",,,
7,starting,,starting,"...O-Okay, I'll do it, but... I-I don't remember the last time I felt up to doing this, so...",,,
7,starting,,starting,"...F-Fine, I'll do it... maybe this will help me feel better...",,,
7,starting,,starting,"...B-But I'll do it anyway... I-I guess it can't get any worse than this, right...?",,,
,,,,,,,
8,masturbating,"notSaidMarker=mast-intro-1, priority=500",mast-intro-1,I-I guess this feels nice... w-was my body always this tense...?,mast-intro-1,,
8,masturbating,"notSaidMarker=mast-intro-1, priority=500",mast-intro-1,"O-oh, this-- this actually feels nice... it's kind of <i>relaxing</i>, actually...",mast-intro-1,,
8,masturbating,"saidMarker=mast-intro-1, notSaidMarker=mast-intro-2, priority=500",mast-intro-2,"S-sorry you all had to see that from me, earlier... it was just a little raincloud...",mast-intro-2,,
8,masturbating,"saidMarker=mast-intro-1, notSaidMarker=mast-intro-2, priority=500",mast-intro-2,"S-sorry about, um, being kind of a downer, earlier... I-I just had a little raincloud pass over my head, sorry...",mast-intro-2,,
8,masturbating,"saidMarker=mast-intro-2, notSaidMarker=mast-intro-3, priority=500",mast-intro-3,"T-this is still embarassing but... it's not so bad, I think...",mast-intro-3,,
8,masturbating,"saidMarker=mast-intro-2, notSaidMarker=mast-intro-3, priority=500",mast-intro-3,"I-I mean, this is still kind of embarassing but... I-I think I'm feeling a bit 're-energized' now... I think...",mast-intro-3,,
8,masturbating,,mast-1,I-It feels like I'm just... letting everything out into the air... l-like a chimney!,,,
8,masturbating,,mast-1,"T-this is super embarassing, but... also nice... so~ it's like life! You have to take the bitter with the sweet, right?",,,
8,masturbating,,mast-2,I feel lighter than air...,,,
8,masturbating,,mast-2,The sun feels like it's shining...,,,
8,masturbating,,mast-2,"I feel like a balloon, rising into the clouds...",,,
8,heavy_masturbating,,mast-heavy-1,"I-I feel close, so close...",,,
8,heavy_masturbating,,mast-heavy-1,"I-I'm getting close, ~player~...",,,
8,heavy_masturbating,,mast-heavy-2,"I'm almost there, ~player~... wait for me, please?",,,
,,,,,,,
9,finished_masturbating,,happy,T-that felt <i>really</i> nice...,,,
9,finished_masturbating,,happy,M-maybe I should do that more often...,,,
9,finished_masturbating,,happy,That was nice...,,,
9,finished_masturbating,,excited,"M-maybe I need to do that more often! What do you think, ~player~? O-or, um, wait! Don't answer that!",,,
,,,,,,,
8,finishing_masturbating,,finishing,~player~!,,,
8,finishing_masturbating,,finishing,Aaaaaaa!,,,
8,finishing_masturbating,,finishing,I'm c-cumming...!,,,
,,,,,,,
0-3,opponent_must_strip,,happy,"Oh! ~name~ lost, ehehe...",,,
0-3,opponent_must_strip,,happy,"Oooo! ~name~ lost, not me! S-sorry, I just wasn't expecting that...",,,
0-3,opponent_must_strip,,happy,Eh? ~name~ has to strip?,,,
0-3,opponent_must_strip,,happy,Phew! I didn't lose! ...Eh? ~name~ has to strip?,,,
0-3,opponent_must_strip,,happy,"Yay, I didn't lose the round! ...oh, but I guess ~name~ did~!",,,
0-3,opponent_must_strip,,happy,"Soo~oo, ~name~... what are you going to take off?",,,
4-5,opponent_must_strip,,awkward,A-at least it's ~name~ and not me! ...Sorry...,,,
4-5,opponent_must_strip,,awkward,I-I guess I should be glad I don't have to strip...,,,
4-5,opponent_must_strip,,excited,A-and that's one more round I don't have to strip in! Yes!,,,
4-5,opponent_must_strip,,excited,"I don't have to strip, this round! Yes!",,,
4-5,opponent_must_strip,,excited,Eh? I didn't lose the hand? Seriously?,,,
4-5,opponent_must_strip,,excited,"It's not me, this time! Yes!",,,
6-7,opponent_must_strip,,sorry,"Sorry, ~name~...",,,
6-7,opponent_must_strip,,sorry,"Oh? It's not me, this time?",,,
6-7,opponent_must_strip,,sorry,"I didn't lose, again? ...I'm surprised.",,,
6-7,opponent_must_strip,,sorry,"O-oh, I'm sorry, ~name~...",,,
6-7,opponent_must_strip,,sorry,I-I didn't lose again? A-are you sure?,,,
6-7,opponent_must_strip,,sorry,"Oh, ~name~ lost... s-sorry...",,,
,,,,,,,
8,male_must_strip,,embarassed,I-I wouldn't really mind having something to look at over here...,,,
8,male_must_strip,,embarassed,"Oh, ~name~'s stripping? I-I guess I could use the help s-schlicking...",,,
8,male_must_strip,,embarassed,"S-sorry, ~name~, but, um... do you mind if I, um... use you for <i>inspiration</i>?",,,
8,female_must_strip,,embarassed,"~name~'s cute, isn't she...? I-I guess I could use her for, um, <i>inspiration</i>.",,,
8,female_must_strip,,embarassed,"I-I'm normally interested in guys! But, um... ~name~'s really cute, so...",,,
8,female_must_strip,,embarassed,"~name~'s really cute, and... um, I could kinda use the help, um, <i>schlicking</i> here, so... sorry!",,,
,,,,,,,
9,male_must_strip,,happy,"Stripping isn't actually as embarrassing as you'd think, ~name~!",,,
9,male_must_strip,,excited,"Ehehe~! I guess ~name~'s gotta strip now, hmmm?",,,
9,male_must_strip,,excited,"Ooo, ~name~'s stripping, right?",,,
9,female_must_strip,,happy,"Stripping isn't as embarassing as it seems, ~name~! A-and, um, you're cute, so don't worry!",,,
9,female_must_strip,,excited,"Oh, ~name~'s stripping this time, right? I can't wait to see~",,,
9,female_must_strip,,excited,Ehehe~! ~name~ lost the round... I can't wait to see her strip~,,,
,,,,,,,
0-3,opponent_removing_accessory,,sad,"Ehh, really, ~name~? You're only taking off your ~clothing~?",,,
0-3,opponent_removing_accessory,,sad,"Aww, you're only taking off your ~clothing~, ~name~?",,,
0-3,opponent_removing_accessory,,sad,Aww... I kinda wanted to see something more...,,,
0-3,opponent_removing_accessory,,sad,"Eh... I kinda wanted to see more of ~name~, but... I guess this is okay.",,,
0-3,opponent_removing_accessory,,sad,"Aww, really, ~name~? That's no fun...",,,
0-3,opponent_removing_accessory,,sad,"Aww, you're no fun, ~name~...",,,
6-7,opponent_removing_accessory,,downcast,"It feels like your clothing will never end, ~name~...",,,
6-7,opponent_removing_accessory,,downcast,"...will your clothing ever end, ~name~?",,,
6-7,opponent_removing_accessory,,downcast,...of course my win didn't come to much...,,,
6-7,opponent_removing_accessory,,downcast,"...my win didn't really come to that much, did it...",,,
6-7,opponent_removing_accessory,,downcast,"I-I wish I could have taken off something small like your ~clothing~, ~name~...",,,
6-7,opponent_removing_accessory,,downcast,"I-I kinda wish I could have taken off something as small as your ~clothing~ earlier, ~name~...",,,
8,opponent_removing_accessory,,awkward,Aww... really? But I'm not seeing much...,,,
8,opponent_removing_accessory,,awkward,I-Is it weird that I kinda want to see more of ~name~...?,,,
8,opponent_removing_accessory,,awkward,"I-I kind of want to see more, though... s-sorry!",,,
8,opponent_removing_accessory,,awkward,"Aww... that's it? I'm not really seeing much, though...",,,
8,opponent_removing_accessory,,awkward,"Ehh... that's all, ~name~? I-I kind of want to see more, though...",,,
8,opponent_removing_accessory,,awkward,"I-I kind of would like to see more of you, ~name~... i-is that weird?",,,
9,opponent_removing_accessory,,shocked,"Eeehhh? You couldn't take something bigger off, ~name~?",,,
9,opponent_removing_accessory,,shocked,"Eeehhh? You're seriously only taking your ~clothing~ off, ~name~?",,,
9,opponent_removing_accessory,,shocked,Eh? You're only taking your ~clothing~ off?,,,
9,opponent_removing_accessory,,shocked,"Eh? really? That's all you're stripping, ~name~?",,,
9,opponent_removing_accessory,,thinking,"Aww... you're no fun, ~name~...",,,
9,opponent_removing_accessory,,thinking,Aww... that's it? Really?,,,
,,,,,,,
4-5,male_removing_accessory,,happy,"I guess you want to avoid embarassment, huh... I-I'll still get you anyways, ~name~!",,,
4-5,male_removing_accessory,,happy,"E-Even if it's a tiny step, it's still <i>something</i>, right?",,,
4-5,male_removing_accessory,,happy,"I-I guess you're just dodging embarassment, huh, ~name~...",,,
4-5,male_removed_accessory,,determined,"Alright! I'll just have to win more! I'll get you naked, ~name~, no matter what! ...um... wait...",,,
4-5,male_removed_accessory,,determined,"Watch out, ~name~! I'll win this game, no matter what! I'm coming for you! ...wait a minute...",,,
4-5,male_removed_accessory,,determined,"Okay! I'm coming for you, ~name~! I'll do whatever I need to see your naked bod-- um, <i>wait!</i> I-I didn't mean it like that!",,,
,,,,,,,
4-5,female_removing_accessory,,determined,"I-I'll still get the rest of your clothing off, ~name~! U-Uh, don't take that the wrong way...",,,
4-5,female_removing_accessory,,determined,"H-hear my words, ~name~! I-I'll do whatever it takes to get you naked, ~name~-- <i>um</i>. I-I never said that, okay?",,,
4-5,female_removing_accessory,,determined,"I-I'll see that cute, naked body of yours, ~name~, if it's the last thing I-- um. I-I didn't mean for that to come out like that...",,,
4-5,female_removed_accessory,,happy,"But still, even it's only a tiny step... it's a step! I can still win this!",,,
4-5,female_removed_accessory,,happy,"S-sorry, ~name~... But still! I want to win this!",,,
4-5,female_removed_accessory,,happy,"R-really, ~name~, I didn't mean it like that... but still! I don't want to lose!",,,
,,,,,,,
0-3,opponent_removed_accessory,,happy,"...Still! A win is a win, right?",,,
0-3,opponent_removed_accessory,,happy,"Well, I can't be too disappointed! A win's a win~!",,,
0-3,opponent_removed_accessory,,happy,"But I get why you'd only take off your ~clothing~! I'd do that too, in your shoes!",,,
0-3,opponent_removed_accessory,,happy,"Still, though! I won, right! That makes me happy~!",,,
0-3,opponent_removed_accessory,,happy,"Well, I can't be too sad! I still won, right?",,,
0-3,female_removed_accessory,,happy,"Oooh! ~name~, your ~clothing~ looks really cute! Where did you get it?",,,
6-7,opponent_removed_accessory,,pessimistic,"...I'm not going to win this game, am I...",,,
6-7,opponent_removed_accessory,,pessimistic,"I-I can't win this, can I...",,,
6-7,opponent_removed_accessory,,pessimistic,W-why did I ever agree to play this game in the first place...,,,
6-7,opponent_removed_accessory,,pessimistic,W-why did I ever choose to come here...,,,
6-7,opponent_removed_accessory,,pessimistic,W-why did I come here at all...,,,
6-7,opponent_removed_accessory,,pessimistic,"S-still, though, I chose to come here, so... it's all my fault, I guess...",,,
8,opponent_removed_accessory,,nervous,Oh well... I can still keep going!,,,
8,opponent_removed_accessory,,nervous,"I-I can keep going, though...!",,,
8,opponent_removed_accessory,,nervous,"N-now that I think about it, it's a bit weird to... um, m-masturbate to someone in front of me, so... it's not that big of a deal...",,,
8,opponent_removed_accessory,,nervous,"N-now that I think about it, it's a bit awkward, m-masturbating to someone who's right in front of you, isn't it...? S-so I don't really mind, I guess...",,,
8,opponent_removed_accessory,,happy,"I'll just... use my imagination, then!",,,
8,opponent_removed_accessory,,happy,"You're... leaving it up to the imagination, then, ~name~? Right? ...I can work with that!",,,
9,opponent_removed_accessory,,excited,"...on the other hand, I guess that means we're going to see some more later, ~name~...",,,
9,opponent_removed_accessory,,excited,"Bu~ut, I guess we're going to see more later, ~name~?",,,
9,opponent_removed_accessory,,happy,"Are you shy, ~name~?",,,
9,opponent_removed_accessory,,happy,"Feeling shy, ~name~~?",,,
9,opponent_removed_accessory,,happy,"A bit shy, hm~?",,,
9,opponent_removed_accessory,,happy,"Getting a bit shy, hm ~name~?",,,
,,,,,,,
0-3,opponent_removing_minor,,nervous,"Ehhh...I mean... it's something, but... it's still kinda disappointing...",,,
0-3,opponent_removing_minor,,nervous,"I'm kinda disappointed, but... ~name~'s taking off <i>something</i> at least, right...?",,,
0-3,opponent_removing_minor,,nervous,"Oh, that's it, huh... well, I guess it's something, right~?",,,
0-3,opponent_removing_minor,,nervous,"I guess that's it... but I guess it's something, right~?",,,
0-3,opponent_removing_minor,,excited,"Hm... I'm kinda wondering what else is here, at the Inventory. Hey, maybe we could go exploring together, ~player~!",exploring1,,
0-3,opponent_removing_minor,,excited,"Hey~! ~player~! I was wondering... what else is here, at the Inventory? Hey, do you think we could go exploring together?",exploring1,,
4-5,opponent_removing_minor,,embarassed,"O-Oh, you're just taking off your ~clothing~... but I get it! It would be kinda embarassing to take off something else, right...?",,,
4-5,opponent_removing_minor,,embarassed,"O-Oh, just your ~clothing~... b-but it would be kinda embarassing to take off something else, right? I-I get it!",,,
4-5,opponent_removing_minor,,nervous,I-I guess you don't want to embarass yourself... I-I get that!,,,
4-5,opponent_removing_minor,,nervous,Y-you want to avoid the embarassment of taking off something bigger... I get it!,,,
4-5,opponent_removing_minor,,angry,"That's mean, ~name~! Taking off your ~clothing~ while I'm standing here in my underwear...",,,
4-5,opponent_removing_minor,,angry,"~name~? You're taking off your ~clothing~, while I'm standing here in my underwear? ...That's mean!",,,
6-7,opponent_removing_minor,,downcast,"O-of course, you only have to take off your ~clothing~... while I'm stuck here like this...",,,
6-7,opponent_removing_minor,,downcast,"A-and of course, you're taking off your ~clothing~ while I'm stuck here like this...",,,
6-7,opponent_removing_minor,,downcast,"Oh, right... you could just do that...",,,
6-7,opponent_removing_minor,,downcast,I-I kinda forgot you could just do that...,,,
6-7,opponent_removing_minor,,sorry,Why...?,,,
6-7,female_removing_minor,,sorry,"P-please don't leave me alone like this, ~name~...",,,
8,opponent_removing_minor,,nervous,"O-Oh, that's it... um, okay~!",,,
8,opponent_removing_minor,,nervous,"O-oh, um... okay...",,,
8,opponent_removing_minor,,nervous,"O-Okay then, ~name~...",,,
8,opponent_removing_minor,,nervous,"Uhm... okay, then...",,,
8,opponent_removing_minor,,nervous,"A-Alright then, ~name~...",,,
8,female_removing_minor,,nervous,"Oh, that's all she's... u-um, okay!",,,
9,opponent_removing_minor,,excited,"Eehhhh? Your ~clothing~ looks super cool, ~name~!",,,
9,opponent_removing_minor,,excited,Ehehe... your ~clothing~ looks really cool~!,,,
9,opponent_removing_minor,,excited,"Ehe... I think your clothing is really cool, ~name~! Where is it from?",,,
9,opponent_removing_minor,,excited,"Whoa... that... is really cool! Where's it from, ~name~?",,,
9,opponent_removing_minor,,excited,"Ehehe... I dunno why, but I think ~name~'s ~clothing~ looks super cool! Where is it from?",,,
9,opponent_removing_minor,,excited,"Ooooo... cool ~clothing~, ~name~!",,,
,,,,,,,
0-3,opponent_removed_minor,,happy,I guess I got a bit excited about seeing something big happen... sorry~!,,,
0-3,opponent_removed_minor,,happy,I guess I was expecting something big to happen... oh well~!,,,
0-3,opponent_removed_minor,,happy,I miiiight have been expecting something big to happen.... oh well~!,,,
0-3,opponent_removed_minor,,happy,"Okay, I was expecting something big to happen... oh well~!",,,
0-3,opponent_removed_minor,,happy,"I was kiiiinda expecting something <i>bigger</i> to happen! Oh well, then~!",,,
0-3,opponent_removed_minor,,happy,"Awwww.... I kiiinda wanted something bigger to happen! ...but I guess I'll have to wait, huh~?",,,
4-5,opponent_removed_minor,,happy,"I-I kinda wish I had more small stuff to take off like that, though!",,,
4-5,opponent_removed_minor,,happy,"I-I wish I had more small things like that to strip, though!",,,
4-5,opponent_removed_minor,,happy,"I-I kinda wish I had more small things to take off like you, ~name~...",,,
4-5,opponent_removed_minor,,happy,"I-I wish I had more small things to strip, though, ~name~!",,,
0-5,opponent_removed_minor,,nervous,"Hmmmm... um, ~player~? Do you, um... have a piece of paper and a pencil? Sorry, I just kinda wanted to write something~!",,,
0-5,opponent_removed_minor,,thinking,"I kinda wish I brought a notebook, or something... I kinda want to write something...",,,
0-5,opponent_removed_minor,"notSaidMarker=doors, priority=0",thinking,"Oh! I was just thinking! On my way in here, I passed by a bunch of other doors, I think...? I wonder what's inside of them!",doors,,
0-5,opponent_removed_minor,"notSaidMarker=wtf-rooms, priority=0",thinking,"You know, I was wondering... why would someone design a room like this for the Inventory, anyways?",wtf-rooms,,
0-5,opponent_removed_minor,"notSaidMarker=wtf-rooms, priority=0",thinking,"...Hey, ~player~? Who designs a room like this for the Inventory, anyways?",wtf-rooms,,
0-5,opponent_removed_minor,"notSaidMarker=what-is-inventory, priority=0",thinking,"Hmmm.... ~player~? What kind of place is this, anyways?",what-is-inventory,,
0-5,opponent_removed_minor,"notSaidMarker=what-is-inventory, priority=0",thinking,"What kind of a place is the Inventory, anyways?",what-is-inventory,,
0-5,opponent_removed_minor,"notSaidMarker=where-are-we, priority=0",thinking,"Hmmmm... ~player~? Where <i>is</i> this place, anyways? Getting here was kinda confusing...",where-are-we,,
0-5,opponent_removed_minor,"notSaidMarker=where-are-we, priority=0",thinking,"Heeey, ~player~, the instructions I followed on how to get here were kinda confusing... where are we?",where-are-we,,
0-5,opponent_removed_minor,"notSaidMarker=here-comes-the-sun, priority=0",happy,"<i>Here comes the sun, doodedoodoo~</i> ...oh! Sorry, I kinda got a song stuck in my head... <a href=""https://www.youtube.com/watch?v=dfMXXMH9thc"">Eh? What song was it?</a>",here-comes-the-sun,,
0-5,opponent_removed_minor,"notSaidMarker=cooking-lessons, priority=0",happy,"Hey, ~player~, do you think you could teach me how to cook? Ehehe... I was kinda thinking about lunch~!",cooking-lessons,,
0-5,opponent_removed_minor,"notSaidMarker=origami-swans, priority=0",thinking,"Hmm... how <i>do</i> you fold origami swans, anyways? I always wanted to try!",origami-swans,,
0-5,opponent_removed_minor,"notSaidMarker=sphinx-riddle, priority=0",thinking,"You know, I overheard something the other day! I think it was a riddle... um... oh! ""What goes on four feet, then two feet, then three feet?"" Do you know the answer, ~player~?",sphinx-riddle,,
0-5,opponent_removed_minor,"notSaidMarker=sisyphus, priority=0",thinking,"Ummm... ~player~? Yuri mentioned something I didn't get, the other day... um, something about a guy who kept rolling a rock up a hill? Do you know who she was talking about?",sisyphus,,
6-7,opponent_removed_minor,,downcast,I-I kind of wish I could just curl up into a ball and disappear...,,,
6-7,opponent_removed_minor,,downcast,"I-I kind of wish I could just disappear, right now...",,,
6-7,opponent_removed_minor,,pessimistic,"I-I can't leave anymore, can I...?",,,
6-7,opponent_removed_minor,,downcast,I-I wish I could just <i>vanish</i> right now...,,,
6-7,opponent_removed_minor,,downcast,"I-I wish I were invisible, right now...",,,
6-7,opponent_removed_minor,,pessimistic,"I-I can't really leave the table anymore, can I...?",,,
8-9,opponent_removed_minor,,thinking,"Uhm... what's next, then?",,,
8-9,opponent_removed_minor,,thinking,Sooo... now what?,,,
8-9,opponent_removed_minor,,thinking,"Uhm... what do we do, now?",,,
8-9,opponent_removed_minor,,thinking,"Ehhh... let's keep going, then?",,,
8-9,opponent_removed_minor,,thinking,"So, uhm... what do we do next, ~player~?",,,
8-9,opponent_removed_minor,,thinking,Sooo... what do we do next?,,,
8-9,opponent_removed_minor,,thinking,Err... what do we do now?,,,
8-9,opponent_removed_minor,,thinking,"So, uhm.... let's keep going, I guess...?",,,
,,,,,,,
0-3,opponent_removing_major,,shocked,"Eeehhh? You're seriously taking that off, ~name~?!",,,
0-3,opponent_removing_major,,shocked,"Waitwaitwait, you're taking <i>what</i> off, ~name~?",,,
0-3,opponent_removing_major,,shocked,Oooooo... you're taking <i>that</i> off?,,,
0-3,opponent_removing_major,,shocked,"Whoawhoawhoa-- what are you taking off, ~name~?!",,,
0-3,opponent_removing_major,,shocked,"Eeeehhh? Are you sure you want to take that off, ~name~?!",,,
0-3,opponent_removing_major,,shocked,"Oh! You're seriously taking <i>that</i> off, ~name~?",,,
4-5,opponent_removing_major,,happy,"Oh, you're down to your underwear too, ~name~!",,,
4-5,opponent_removing_major,,happy,"Ehehe... it looks like you're down to your underwear too, ~name~!",,,
4-5,opponent_removing_major,,happy,"Ehehe... you're down to your underwear too, ~name~?",,,
4-5,opponent_removing_major,,shocked,"Waitwaitwait, ~name~! A-are you about to show us your underwear?!",,,
4-5,male_removing_major,,shocked,"Waitwaitwait, is ~name~ about to show us his underwear?",,,
4-5,female_removing_major,,thinking,"So, umm... ~name~ is about to show us her underwear, right?",,,
6-7,opponent_removing_major,,pessimistic,"O-Oh. Well... at least I'm not as alone, now...",,,
6-7,opponent_removing_major,,pessimistic,"I-I'm closer to winning, but... I still can't shake the feeling that I'm inevitably going to lose...",,,
6-7,opponent_removing_major,,downcast,"I-I guess I'm getting closer, but... everything still seems so far off...",,,
6-7,opponent_removing_major,,pessimistic,"At least I'm not alone, here... or at least, not as alone...",,,
6-7,opponent_removing_major,,pessimistic,E-even though I'm a bit closer to winning... I still can't help but feel as if I'm inevitably going to lose...,,,
6-7,opponent_removing_major,,downcast,"I-I'm getting closer to winning, I guess... but... everything still seems so far off...",,,
8,opponent_removing_major,,embarassed,"Oooh! <i>Nice</i>, ~name~! O-oh, I mean, um, sorry...",,,
8,opponent_removing_major,,embarassed,"Oh, yes! I-I mean, not-- um-- er... s-sorry about that, ~name~...",,,
8,opponent_removing_major,,embarassed,"Oh, this will be nice... o-oh, ~name~! S-sorry...",,,
8,male_removing_major,,embarassed,"W-watching ~name~ take off his ~clothing~ feels... <i>good</i>. I mean, um, <i>relaxing</i>! I mean, um...",,,
8,female_removing_major,,embarassed,"<i>Yes!</i> I get to see ~name~ take off her ~clothing~! I-I mean, um.... sorry, ~name~...",,,
8,female_removing_major,,embarassed,"Watching ~name~ take off her ~clothing~ feels so <i>nice</i>... I-I mean, um, it feels <i>relaxing</i>! I-I mean, um...",,,
9,opponent_removing_major,,shocked,"Whoa, ~name~... your ~clothing~? ...Nice!",,,
9,opponent_removing_major,,shocked,"Whoa, ~name~... you're taking off your <i>~clothing~?</i>",,,
9,opponent_removing_major,,shocked,"Oh, ~name~'s ~clothing~, huh... Ehehe~!",,,
9,male_removing_major,,shocked,"Whoawhoawhoa, wait, is ~name~ taking off his <i>~clothing~?</i>",,,
9,male_removing_major,,shocked,Eh? Is ~name~ really taking off his ~clothing~?,,,
9,female_removing_major,,shocked,Waitwaitwait! I-Is ~name~ taking off her <i>~clothing~?</i>,,,
,,,,,,,
0-3,male_removed_major,,embarassed,"I-I mean, you look good, ~name~! But, um... it must be embarassing, standing there like that...",,,
0-3,male_removed_major,,embarassed,"O-Oh, ~name~... you, um... you look very handsome! Um...",,,
0-3,male_removed_major,,embarassed,"O-Oh! L-Looking good there, ~name~... ehehe...",,,
0-3,female_removed_major,,embarassed,"Y-you're very pretty, ~name~! B-but, um, isn't it embarassing, standing there like that?",,,
0-3,female_removed_major,,embarassed,"O-Oh! ~name~, your u-underwear looks... very cute! Um...",,,
0-3,female_removed_major,,embarassed,"O-Oh, ~name!~ Y-you look, um... really pretty... ehehe...",,,
4-5,opponent_removed_major,,excited,"Ehehe, a major victory! O-Oh, um, sorry, ~name~...",,,
4-5,opponent_removed_major,,excited,"Aha! A major victory for Sayori! O-Oh, whoops, sorry about that, ~name~...",,,
4-5,opponent_removed_major,,nervous,"A-are you embarassed at all, ~name~? I-I could look away, if it makes you feel better...",,,
4-5,opponent_removed_major,,nervous,"Y-you're not embarassed, right ~name~? I-If you are, I could, um, look away, if that makes you feel better...",,,
4-5,opponent_removed_major,,embarassed,"O-Oh, um, was I staring? S-sorry, ~name~...",,,
4-5,opponent_removed_major,,embarassed,"Ah! Was I staring? I-I mean, I wasn't <i>intentionally</i> staring! U-Um... sorry, ~name~...",,,
6-7,opponent_removed_major,,pessimistic,I-It just feels so <i>hopeless</i>...,,,
6-7,opponent_removed_major,,pessimistic,"I-It's hopeless, isn't it...?",,,
6-7,opponent_removed_major,,pessimistic,E-Everything just feels so... so <i>pointless</i>...,,,
6-7,opponent_removed_major,,pessimistic,"W-what's the point, though...?",,,
6-7,opponent_removed_major,,downcast,I-It feels like everything's just... so far away...,,,
6-7,opponent_removed_major,,downcast,E-everything is so far away...,,,
8,male_removed_major,,embarassed,"Mmmm, ~name~ without his ~clothing~... o-oh, sorry... was I staring? S-sorry...",,,
8,male_removed_major,,happy,"S-still though... y-you look, um... v-very handsome, ~name~!",,,
8,male_removed_major,,shocked,"I kind of want to see what's beneath his underwear, now... o-oh wait, <i>did I say that out loud?!</i>",,,
8,female_removed_major,,embarassed,"Ooooh, ~name~ without her ~clothing~... o-oh, sorry, ~name~, was I staring? S-sorry...",,,
8,female_removed_major,,happy,"S-still, though, ~name~! Y-you look really pretty like that!",,,
8,female_removed_major,,shocked,"A-and now I want to see what she's hiding beneath that underwear... o-oh, wait, <i>did I say that out loud?!</i>",,,
9,opponent_removed_major,,happy,"Ehehe~! I guess we're getting kind of a special view, right?",,,
9,opponent_removed_major,,happy,"Ehehe... I guess we're getting a special view of ~name~, huh?",,,
9,opponent_removed_major,,happy,"So, ~name~... how does it feel to be without your ~clothing~, hmmm~?",,,
9,opponent_removed_major,,happy,"Ehehe... how does it feel to be without your ~clothing~, ~name~?",,,
9,opponent_removed_major,,excited,This isn't really what I was expecting from today... bu~ut I don't mind~!,,,
9,opponent_removed_major,,excited,"I wasn't really expecting to see something like this, today... but I don't mind at all~!",,,
,,,,,,,
0-3,male_chest_will_be_visible,,shocked,"~name~ is... h-he's going to show off his bare chest, isn't he?!",,,
0-3,male_chest_will_be_visible,,shocked,"W-waitaminute! ~name~, that's going to show off your bare chest, isn't it?!",,,
0-3,male_chest_will_be_visible,,shocked,"W-Wait! ~name~, isn't that going to expose your bare chest?!",,,
0-3,male_chest_is_visible,,calm,"O-Oh, wow, ~name~... you're really fit!",,,
0-3,male_chest_is_visible,,calm,"Wow, ~name~... you look really fit!",,,
0-5,male_chest_is_visible,"notSaidMarker=natsuki-toplessmen-1, priority=0",happy,"O-Oh! It's just like that one manga Natsuki was reading a few weeks ago, with all the shirtless guys! Ehehe, she got really mad when she noticed me behind her...",natsuki-toplessmen-1,,
0-5,male_chest_is_visible,"notSaidMarker=natsuki-toplessmen-1, priority=0",happy,"Oh! You look similar to someone in a manga Natsuki was reading a few weeks ago, with a bunch of buff, shirtless guys! She got really mad when she noticed me behind her, ehehe~!",natsuki-toplessmen-1,,
4-5,male_chest_will_be_visible,,happy,"Whoa... we're going to see ~name~'s bare chest, aren't we?",,,
4-5,male_chest_will_be_visible,,happy,"Oh! ~name~'s bare chest... it'll be exposed, won't it?",,,
4-5,male_chest_will_be_visible,,happy,Whoa.... ~name~'s exposing his bare chest!,,,
4-5,male_chest_is_visible,,embarassed,"Oh, wow... ~name~'s really well-built, isn't he?",,,
4-5,male_chest_is_visible,,embarassed,"You're... really well-built, ~name~, ehehe...",,,
6-7,male_chest_will_be_visible,,pessimistic,"Oh... ~name~'s, um... exposing himself, isn't he?",,,
6-7,male_chest_will_be_visible,,pessimistic,"...~name~'s exposing himself by doing that, isn't he?",,,
6-7,male_chest_will_be_visible,,pessimistic,"Oh, you're... you're really going to do that, aren't you...?",,,
6-7,male_chest_is_visible,,sadsmile,"I-I guess it's nice to not be the only one exposed, but...",,,
6-7,male_chest_is_visible,,sadsmile,"I-It's nice to not be the only one exposed, but...",,,
6-7,male_chest_is_visible,,sadsmile,I-I guess that's nice...,,,
8,male_chest_will_be_visible,,happy,"Wait, ~name~! Your ~clothing~ is the only thing covering your chest now, isn't it?",,,
8,male_chest_will_be_visible,,embarassed,"I, uh, kinda wouldn't mind seeing ~name~'s, um, chest muscle...",,,
8,male_chest_will_be_visible,,happy,"~name~'s going to be fully topless now, right?",,,
8,male_chest_is_visible,"notSaidMarker=natsuki-toplessmen-2, priority=0",happy,"Natsuki was right! Shirtless guys are pretty hot! ...how do I know she said that? She, um... lets things slip sometimes, during club meetings, ehehe...",natsuki-toplessmen-2,,
8,male_chest_is_visible,"notSaidMarker=natsuki-toplessmen-1, priority=0",happy,"Oh, wow... you look like one of the guys in those doujinshi Natsuki thinks we can't find around the clubroom!",natsuki-toplessmen-1,,
8,male_chest_is_visible,,embarassed,"You're definitely very <i>inspiring</i>, ~name~!",,,
8,male_chest_is_visible,,embarassed,"Ooo... thanks for being <i>inspiring</i>, ~name~~!",,,
9,male_chest_will_be_visible,,excited,"Ehehe~! ~name~'s finally starting to run out of clothing, isn't he?",,,
9,male_chest_will_be_visible,,excited,"Ehehe~! ~name~'s getting close to losing, isn't he?",,,
9,male_chest_will_be_visible,,excited,"Ehehe~! ~name~'s getting down to the wire, isn't he?",,,
9,male_chest_is_visible,,happy,"Just a few more losses, ~name~~!",,,
9,male_chest_is_visible,,happy,"You look really well toned, ~name~! (...that's the word for it, right?)",,,
9,male_chest_is_visible,,happy,Ehehe~! ~name~ definitely keeps in shape!,,,
,,,,,,,
0-3,female_chest_will_be_visible,,shocked,"Waitwaitwait, ~name~! That's going to expose your boobs!",,,
0-3,female_chest_will_be_visible,,shocked,"Waitaminute, is ~name~ <i>really</i> going to show off her boobs in front of everyone?",,,
0-3,female_chest_will_be_visible,,shocked,"Wait, ~name~! You're taking off your ~clothing~? I-Isn't that going to reveal your boobs?",,,
0-3,female_small_chest_is_visible,,happy,"Oh, we match!",,,
0-3,female_small_chest_is_visible,,happy,"Oh, you're just like me!",,,
0-3,female_small_chest_is_visible,"notSaidMarker=natsuki-boob-comp, priority=0",happy,Your boobs... they're like Natsuki's!,natsuki-boob-comp,,
0-3,female_medium_chest_is_visible,"notSaidMarker=monika-boob-comp, priority=0",thinking,"Your boobs are... a bit like Monika's, I think...",monika-boob-comp,,
0-3,female_medium_chest_is_visible,,nervous,"Whoa, your boobs are-- uhm... a bit bigger than mine, I think...",,,
0-3,female_medium_chest_is_visible,,nervous,I-I think you're a bit bigger than I am...,,,
0-3,female_large_chest_is_visible,,angry,...and why are your boobs so much bigger than mine?!,,,
0-3,female_large_chest_is_visible,,angry,A-and how are your boobs so big?!,,,
0-3,female_large_chest_is_visible,"notSaidMarker=yuri-boob-comp, priority=0",embarassed,"W-Wow, your boobs... they're like Yuri's....",yuri-boob-comp,,
,,,,,,,
4-5,female_chest_will_be_visible,,happy,"Whoa... ~name~'s revealing her breasts, isn't she?",,,
4-5,female_chest_will_be_visible,,shocked,E-Eh? ~name~'s revealing her breasts?!,,,
4-5,female_chest_will_be_visible,,happy,W-We're going to be able to see ~name~'s breasts...!,,,
4-5,female_small_chest_is_visible,,excited,"...You're as small as I am, ~name~!",,,
4-5,female_small_chest_is_visible,"notSaidMarker=natsuki-boob-comp, priority=0",excited,"...You're as small as Natsuki, ~name~!",natsuki-boob-comp,,
4-5,female_small_chest_is_visible,,excited,Yay~! We're flat-chest buddies!,dfc-buddies,,
4-5,female_medium_chest_is_visible,"notSaidMarker=boob-scale, priority=0",thinking,"Hmm.... on a scale from 'Natsuki' to 'Yuri'... you'd be at about a 'Monika', ~name~.",boob-scale,,
4-5,female_medium_chest_is_visible,,sad,"Aww... for a second, I thought we were flat-chest buddies...",,,
4-5,female_medium_chest_is_visible,,nervous,Uhm... I think you're a bit bigger than me...,,,
4-5,female_large_chest_is_visible,,shocked,H-How did your boobs get so big?!,,,
4-5,female_large_chest_is_visible,,embarassed,Whoa... They're so big...,,,
4-5,female_large_chest_is_visible,"notSaidMarker=yuri-boob-comp, priority=0",happy,"Oh! You're as big as Yuri, ~name~!",yuri-boob-comp,,
,,,,,,,
6-7,female_chest_will_be_visible,,sadsmile,I-I guess it's nice to have someone else reveal their breasts...,,,
6-7,female_chest_will_be_visible,,sadsmile,"Oh, y-you're exposing yourself too, ~name~...?",,,
6-7,female_chest_will_be_visible,,sadsmile,"O-Oh, you're going to expose yourself too, ~name~?",,,
6-7,female_small_chest_is_visible,,sadsmile,I-I guess we're kind of similar...,,,
6-7,female_small_chest_is_visible,,sadsmile,"W-We're kind of alike, I guess...",,,
6-7,female_small_chest_is_visible,,sadsmile,"W-We're alike in one way, I guess...",,,
6-7,female_medium_chest_is_visible,,downcast,"...I can't even win in terms of breast size, can I...?",,,
6-7,female_medium_chest_is_visible,,downcast,...I almost forgot I was flat.,,,
6-7,female_medium_chest_is_visible,,downcast,"...even ~name~ has a bigger bust than I do, huh...?",,,
6-7,female_large_chest_is_visible,,pessimistic,"...jeez, I'm pretty much a cutting board compared to that...",,,
6-7,female_large_chest_is_visible,,pessimistic,"T-those are huge, ~name~...",,,
6-7,female_large_chest_is_visible,,pessimistic,"...compared to <i>that</i>, I'm pretty much a cutting board, aren't I...?",,,
,,,,,,,
8,female_chest_will_be_visible,,embarassed,"Oh, ~name~'s going to reveal her boobs to us?",,,
8,female_chest_will_be_visible,,embarassed,"I, uh, wouldn't mind seeing ~name~'s boobs... a bit...",,,
8,female_chest_will_be_visible,,thinking,"Hmm... I wonder how big your boobs are, ~name~.",,,
8,female_small_chest_is_visible,,excited,"...Oh, we're the same!",,,
8,female_small_chest_is_visible,,excited,"Ehehe... we match, ~name~!",,,
8,female_small_chest_is_visible,"notSaidMarker=natsuki-boob-comp, priority=0",excited,"Eh? You're like Natsuki, ~name~!",natsuki-boob-comp,,
8,female_medium_chest_is_visible,,thinking,"Hmm... so you're like Monika, then...",,,
8,female_medium_chest_is_visible,,nervous,"Ehehe... sometimes I wish that my boobs were a bit bigger like yours, ~name~...",,,
8,female_medium_chest_is_visible,,thinking,"Hmm... a bit bigger than mine, I see...",,,
8,female_large_chest_is_visible,,shocked,"Eh?! How are your boobs so big, ~name~?",,,
8,female_large_chest_is_visible,,nervous,"Whoa... your boobs are huge, ~name~! And I'm just kinda flat, ehehe...",,,
8,female_large_chest_is_visible,"notSaidMarker=yuri-boob-comp, priority=0",happy,"Whoa... you're like Yuri, ~name~!",yuri-boob-comp,,
,,,,,,,
9,female_chest_will_be_visible,,excited,"Ehehe... ~name~'s running out of clothing, right?",,,
9,female_chest_will_be_visible,,excited,"Ehehe... ~name~'s almost out, isn't she?",,,
9,female_chest_will_be_visible,,excited,"~name~'s running low on clothes, isn't she?",,,
9,female_small_chest_is_visible,,nervous,Whoa... your boobs are small!,,,
9,female_small_chest_is_visible,,happy,"Ehehe... you're flat-chested, like me!",,,
9,female_small_chest_is_visible,,happy,Oh! It looks like we're flat-chest buddies!,dfc-buddies,,
9,female_medium_chest_is_visible,,happy,"Oh, you're a bit bigger than I am... but I'm fine with that~!",,,
9,female_medium_chest_is_visible,,thinking,"Hmm... I wonder if I could still grow a bit to be a bit more like you, ~name~...",,,
9,female_medium_chest_is_visible,,happy,"Hmm.... you're just a bit bigger than I am, I think...",,,
9,female_large_chest_is_visible,,happy,"Whoa... they're <i>huge</i>, ~name~!",,,
9,female_large_chest_is_visible,,happy,...They're so <i>big</i>!,,,
9,female_large_chest_is_visible,,happy,"Those are really big, ~name~! I'm pretty much a cutting board compared to that, ehehe...",,,
,,,,,,,
0-3,female_crotch_will_be_visible,,shocked,"Huh, we're going to see ~name~'s crotch... <i>E-Ehhhh?!</i>",,,
0-3,female_crotch_will_be_visible,,shocked,"Oh, we're going to see ~name~'s vagina... <i>Waitwaitwait, what?!</i>",,,
0-3,female_crotch_will_be_visible,,shocked,"Oh, ~name~'s revealing her vagina. Okay. ...<i>Waitwaitwait, what?!</i>",,,
0-3,female_crotch_is_visible,,embarassed,"Wait, um, uh! S-should I look?",,,
0-3,female_crotch_is_visible,,embarassed,"Wait, um... it would be rude to look, but... we're here, and isn't that the point...?",,,
0-3,female_crotch_is_visible,filter=shaved,embarassed,"I-I guess it's okay to look, right? ...oh, you shave, ~name~?",,,
0-3,female_crotch_is_visible,filter=trimmed,embarassed,"I-It's okay to look, right? ...oh, you trim down there, ~name~?",,,
0-3,female_crotch_is_visible,filter=hairy,embarassed,"I-It's okay to look, right? ...oh, wow, that's hairy, ~name~...",,,
4-5,female_crotch_will_be_visible,,nervous,"W-wait, ~name~, are you sure? W-We're going to see your... um, <i>sensitive</i> bits!",,,
4-5,female_crotch_will_be_visible,,nervous,"W-wait, are we going to see ~name~'s... um, <i>sensitive</i> bits?",,,
4-5,female_crotch_will_be_visible,,nervous,Aaaaa! W-We're going to see ~name~'s privates!,,,
4-5,female_crotch_is_visible,,embarassed,"Well, um, I-- I mean, uh... I-I guess I s-should already know what I'm looking at, but... still!",,,
4-5,female_crotch_is_visible,,embarassed,"I-I know it's sensitive, and I guess you're probably really, really embarassed, but... <i>Ikindawanttolook.</i> I-If that's okay with you!",,,
4-5,female_crotch_is_visible,filter=shaved,embarassed,(<i>I- I guess it's okay to peek...</i>) O-Oh! ~name~! Y-You shave?,,,
4-5,female_crotch_is_visible,filter=trimmed,embarassed,(<i>I- I guess it's okay to peek...</i>) E-Eh? Your hair... you trim it?,,,
4-5,female_crotch_is_visible,filter=hairy,embarassed,"(<i>I- I guess it's okay to peek...</i>) I-I guess I'm not the only one who, um, doesn't shave...",,,
6-7,female_crotch_will_be_visible,,downcast,"Oh, ~name~'s revealing her... <i>O-Oh.</i>",,,
6-7,female_crotch_will_be_visible,,downcast,"~name~'s revealing her private bits, huh...? ...Okay, then...",,,
6-7,female_crotch_will_be_visible,,downcast,"~name~'s going to reveal her privates...? Um... okay, then...",,,
6-7,female_crotch_is_visible,,pessimistic,"I-I'll try not to make you uncomfortable, ~name~...",,,
6-7,female_crotch_is_visible,,pessimistic,"I- I hope I'm not making you uncomfortable, ~name~...",,,
6-7,female_crotch_is_visible,filter=shaved,pessimistic,"I-- I guess you clean up down there, ~name~...",,,
6-7,female_crotch_is_visible,filter=trimmed,pessimistic,"I-- I guess you clean up down there, ~name~...",,,
6-7,female_crotch_is_visible,filter=hairy,pessimistic,"I'm not the only one who forgets to shave down there, I guess...",,,
8,female_crotch_will_be_visible,,embarassed,"Uh... we're going to see ~name~'s, um...",,,
8,female_crotch_will_be_visible,,embarassed,~name~... she's going to show off her...,,,
8,female_crotch_will_be_visible,,embarassed,~name~'s... about to show us her...,,,
8,female_crotch_is_visible,,thinking,"...what should I even call it, anyways? 'Vagina' sounds too formal, but 'pussy' just... doesn't seem right.",vag-naming,,
8,female_crotch_is_visible,,thinking,"...what should I even call it, anyways? 'Vagina' sounds too, um, rigid... but ""pussy"" just feels a bit weird, in my mouth... um, wait, <i>Ididn'tmeantosaythat...</i>",pussy-entendre,,
8,female_crotch_is_visible,filter=shaved,happy,"Oh! You shave, ~name~! T-though I guess that's kinda obvious...",,,
8,female_crotch_is_visible,filter=trimmed,thinking,"...maybe I should trim, too? Like ~name~...?",,,
8,female_crotch_is_visible,filter=hairy,happy,"...oh, I'm not the only one who keeps forgetting to trim?",,,
9,female_crotch_will_be_visible,,calm,"You're almost done for, ~name~...",,,
9,female_crotch_will_be_visible,,calm,"~name~'s about to lose, isn't she?",,,
9,female_crotch_will_be_visible,,calm,"~name~'s almost done for, isn't she?",,,
9,female_crotch_is_visible,,nervous,"I-It feels like I should be embarassed, or something, but... um, since I already c-came in front of you all...",,,
9,female_crotch_is_visible,,nervous,"A part of me feels like it should be embarassed, or something, but... um, since I already schlicked in front of everyone...",,,
9,female_crotch_is_visible,filter=shaved,thinking,"...hmm... should I shave? Umm... what do you think, ~name~?",,,
9,female_crotch_is_visible,filter=trimmed,happy,"Ehehe... I tried trimming regularly, once. I kinda forgot to do it, after a while... though I guess you don't forget, ~name~.",,,
9,female_crotch_is_visible,filter=hairy,nervous,"Ehehe... I guess we both forget to trim down there, ~name~.",,,
,,,,,,,
0-3,male_crotch_will_be_visible,,shocked,"Oh, we're going to see ~name~'s penis! ...<i>Ehhhh?!</i> We're going to see ~name~'s <i>PENIS?!</i>",,,
0-3,male_crotch_will_be_visible,,shocked,"Oh, ~name~'s pulling off his underwear. ...W-wait, <i>what?!</i>",,,
0-3,male_crotch_will_be_visible,,shocked,"...oh, sorry, what was happening? I was spacing out a bit-- why is ~name~ pulling his underwear off?!",,,
0-3,male_small_crotch_is_visible,,happy,...Wow! That's <i>tiny!</i>,,,
0-3,male_small_crotch_is_visible,,thinking,...are they supposed to be that small? E-Eh? Did I say something wrong?,,,
0-3,male_small_crotch_is_visible,,happy,E-Eh?! It's tiny... and adorable! Like Natsuki!,natsuki-small-penis-comp-1,,
0-3,male_medium_crotch_is_visible,,shocked,Aaaa! Should I look!? Do I <i>want</i> to look? Um... I guess I'll look...,,,
0-3,male_medium_crotch_is_visible,,embarassed,It's... ah... um... uh... i-it's a penis! Yeah! Um...,,,
0-3,male_medium_crotch_is_visible,,embarassed,"Ah, um... eh... I-- I... ehhhh....",,,
0-3,male_large_crotch_is_visible,,embarassed,"E-Eehhh? That's, um, really big, ~name~!",,,
0-3,male_large_crotch_is_visible,,embarassed,H-How do you keep something like <i>that</i> hidden under your pants?!,,,
0-3,male_large_crotch_is_visible,,embarassed,"...Whoa, that's <i>huge!</i>",,,
,,,,,,,
4-5,male_crotch_will_be_visible,,shocked,"W-We're going to see ~name~'s, um, private bits, now?!",,,
4-5,male_crotch_will_be_visible,,shocked,"Oh no, w-we're going to see ~name~'s penis! I-I'm not ready for this yeeeet!",,,
4-5,male_crotch_will_be_visible,,shocked,Aaaaaa! We're going to see ~name~'s penis! His <i>penis!</i> I'm not ready for this yeeeeet!,,,
4-5,male_small_crotch_is_visible,,thinking,"<i>AAAAAAAA</i>AAAaaaa-- aaaa? Oh, it's tiny!",,,
4-5,male_small_crotch_is_visible,,thinking,"Oh! I-I was expecting it to be, um, a bit bigger...",,,
4-5,male_small_crotch_is_visible,,happy,"...Wow! It's tiny... and adorable! I-It's a bit like, um... Natsuki!",natsuki-small-penis-comp-2,,
4-5,male_medium_crotch_is_visible,,embarassed,"...should I look? Um... <i>Ikindawannalook,</i> sooooo... Oh! It's pretty average, I think?",,,
4-5,male_medium_crotch_is_visible,,embarassed,"(<i>I- I guess it's okay to peek, right...?</i>)",,,
4-5,male_medium_crotch_is_visible,,embarassed,"(<i>I- I guess I can peek, right...?</i>) O-Oh! It's... um... it looks pretty normal! I think?",,,
4-5,male_large_crotch_is_visible,,embarassed,"H-How did you keep something like <i>that</i> hidden under your pants, ~name~?!",,,
4-5,male_large_crotch_is_visible,,embarassed,<i>E-Ehh?!</i> I-Is it really that big?,,,
4-5,male_large_crotch_is_visible,,embarassed,"...W-whoa! That's really big, ~name~!",,,
,,,,,,,
6-7,male_crotch_will_be_visible,,,,,,
6-7,male_crotch_will_be_visible,,,,,,
6-7,male_crotch_will_be_visible,,,,,,
6-7,male_small_crotch_is_visible,,,,,,
6-7,male_small_crotch_is_visible,,,,,,
6-7,male_small_crotch_is_visible,,,,,,
6-7,male_medium_crotch_is_visible,,,,,,
6-7,male_medium_crotch_is_visible,,,,,,
6-7,male_medium_crotch_is_visible,,,,,,
6-7,male_large_crotch_is_visible,,,,,,
6-7,male_large_crotch_is_visible,,,,,,
6-7,male_large_crotch_is_visible,,,,,,
,,,,,,,
8,male_crotch_will_be_visible,,,,,,
8,male_crotch_will_be_visible,,,,,,
8,male_crotch_will_be_visible,,,,,,
8,male_small_crotch_is_visible,,,,,,
8,male_small_crotch_is_visible,,,,,,
8,male_small_crotch_is_visible,,,,,,
8,male_medium_crotch_is_visible,,,,,,
8,male_medium_crotch_is_visible,,,,,,
8,male_medium_crotch_is_visible,,,,,,
8,male_large_crotch_is_visible,,,,,,
8,male_large_crotch_is_visible,,,,,,
8,male_large_crotch_is_visible,,,,,,
,,,,,,,
9,male_crotch_will_be_visible,,,,,,
9,male_crotch_will_be_visible,,,,,,
9,male_crotch_will_be_visible,,,,,,
9,male_small_crotch_is_visible,,,,,,
9,male_small_crotch_is_visible,,,,,,
9,male_small_crotch_is_visible,,,,,,
9,male_medium_crotch_is_visible,,,,,,
9,male_medium_crotch_is_visible,,,,,,
9,male_medium_crotch_is_visible,,,,,,
9,male_large_crotch_is_visible,,,,,,
9,male_large_crotch_is_visible,,,,,,
9,male_large_crotch_is_visible,,,,,,