stage,case,conditions,image,text,marker
8,masturbating,"notSaidMarker=mast-intro-1, priority=2000",mast-1,I-I guess this feels nice... w-was my body always this tense...?,mast-intro-1
8,masturbating,"notSaidMarker=mast-intro-1, priority=2000",mast-1,"O-oh, this-- this actually feels nice... it's kind of <i>relaxing</i>, actually...",mast-intro-1
8,masturbating,"saidMarker=mast-intro-1, notSaidMarker=mast-intro-2, priority=400",mast-1,"M-Maybe I shouldn't have been so nervous, before..."
8,masturbating,"saidMarker=mast-intro-1, notSaidMarker=mast-intro-2, priority=400",mast-1,"I really shouldn't have been so nervous about doing this, before..."
8,masturbating,"saidMarker=mast-intro-1, notSaidMarker=mast-intro-2, priority=400",mast-1,W-Was I always this wound up...?
8,masturbating,"saidMarker=mast-intro-1, notSaidMarker=mast-intro-2, priority=400",mast-1,I-- I guess I can relax...
8,masturbating,"saidMarker=mast-intro-1, notSaidMarker=mast-intro-2, priority=2000, timeInStage=1-99",mast-2,M-Maybe I need to do this more often...,mast-intro-2
8,masturbating,"saidMarker=mast-intro-1, notSaidMarker=mast-intro-2, priority=2000, timeInStage=1-99",mast-2,M-Maybe I should start doing this more often...,mast-intro-2
8,masturbating,"saidMarker=mast-intro-2, notSaidMarker=mast-intro-final, priority=400",mast-3,"I think I'm getting into this, now...!"
8,masturbating,"saidMarker=mast-intro-2, notSaidMarker=mast-intro-final, priority=400",mast-2,"Just... let it all flow, Sayori..."
8,masturbating,"saidMarker=mast-intro-2, notSaidMarker=mast-intro-final, priority=400",mast-3,I-I'm really starting to lighten up...
8,masturbating,"saidMarker=mast-intro-2, notSaidMarker=mast-intro-final, priority=400",mast-2,"Being here, with you... feels really nice..."
8,masturbating,"saidMarker=mast-intro-2, notSaidMarker=mast-intro-final, priority=2000, timeInStage=2-99",mast-3,"T-this is still embarassing but... it's not so bad, I think...",mast-intro-final
8,masturbating,"saidMarker=mast-intro-2, notSaidMarker=mast-intro-final, priority=2000, timeInStage=2-99",mast-3,"I-I mean, this is still kind of embarrassing but... I-I think I'm feeling a bit 're-energized' now... I think...",mast-intro-final
8,masturbating,,mast-3,I-It feels like I'm just... letting everything out into the air... l-like a chimney!
8,masturbating,,mast-2,"T-this is super embarassing, but... also nice... so~ it's like life! You have to take the bitter with the sweet, right?"
8,masturbating,,mast-3,I feel lighter than air...
8,masturbating,,mast-2,The sun feels like it's shining...
8,masturbating,,mast-3,"I feel like a balloon, rising into the clouds..."
8,heavy_masturbating,,mast-heavy-1,"I-I feel close, so close..."
8,heavy_masturbating,notSaidMarker=affections-glitch,mast-heavy-1,"I-I'm getting close, ~player~..."
8,heavy_masturbating,notSaidMarker=affections-glitch,mast-heavy-2,"I'm almost there, ~player~... wait for me, please?"
8,heavy_masturbating,,mast-heavy-2,I'm-- I'm about to...
8,heavy_masturbating,saidMarker=affections-glitch,mast-heavy-1,A-Almost there~!
8,heavy_masturbating,saidMarker=affections-glitch,mast-heavy-2,Ah~!

8,finishing_masturbating,notSaidMarker=affections-glitch,finishing,~player~!
8,finishing_masturbating,saidMarker=affections-glitch,finishing,M-Monika~!
8,finishing_masturbating,,finishing,Aaaaaaa!
8,finishing_masturbating,,finishing,I'm c-cumming...!

8,player_must_strip,notSaidMarker=mast-intro-final,embarassed,"O-Oh. It's ~player~'s turn, right...?"
8,player_must_strip,notSaidMarker=mast-intro-final,embarassed,"Hm? It's ~player~'s turn, isn't it?"
8,player_must_strip,notSaidMarker=mast-intro-final,embarassed,"O-Oh... I'm going to watch ~player~ strip, aren't I...?"
8,player_must_strip,notSaidMarker=mast-intro-final,embarassed,"~player~'s going to strip this time, right...?"
8,player_must_strip,notSaidMarker=mast-intro-final,embarassed,T-This might be fun to watch...
8,player_must_strip,notSaidMarker=mast-intro-final,embarassed,~player~'s going to strip...!

8-9,player_must_strip,,happy,"Ehehe... I'm going to get to see you strip, ~player~!"
8-9,player_must_strip,,happy,"Getting to see ~player~ strip is... kinda exciting, actually!"
8-9,player_must_strip,,happy,"It's... kinda exciting, actually, seeing ~player~ strip down..."
8-9,player_must_strip,,excited,I can't wait to see this!
8-9,player_must_strip,,excited,"Even though I've technically lost... since I'm seeing this, I've won in a way~!"
8-9,player_must_strip,,excited,"Even though I lost the game... I still won <i>something</i>, ehehe~!"

8,opponent_must_strip,notSaidMarker=mast-intro-final,thinking,"...maybe losing isn't so bad. After all, I get to sit back and watch <i>this</i>..."
8,opponent_must_strip,notSaidMarker=mast-intro-final,thinking,So I can just... sit here and watch ~name~ strip? ...maybe losing isn't as bad as I first thought.
8,opponent_must_strip,notSaidMarker=mast-intro-final,thinking,Now that I've lost... I guess I can sit here and ogle ~name~. This might be more fun than I thought...!
8,male_must_strip,notSaidMarker=mast-intro-final,thinking,"All I have to do is sit back and watch him strip, right? ...I guess losing is fun in it's own way!"
8,female_must_strip,notSaidMarker=mast-intro-final,thinking,"All I have to do is sit back and watch her strip, right? ...I guess losing is fun in it's own way!"

8,male_must_strip,,embarassed,I-I wouldn't really mind having something to look at over here...
8,male_must_strip,,embarassed,"Oh, ~name~'s stripping? I-I guess I could use the help s-schlicking..."
8,male_must_strip,,embarassed,"S-sorry, ~name~, but, um... do you mind if I, um... use you for <i>inspiration</i>?"
8,female_must_strip,,embarassed,"~name~'s cute, isn't she...? I-I guess I could use her for, um, <i>inspiration</i>."
8,female_must_strip,,embarassed,"I-I'm normally interested in guys! But, um... ~name~'s really cute, so..."
8,female_must_strip,,embarassed,"~name~'s really cute, and... um, I could kinda use the help, um, <i>schlicking</i> here, so... sorry!"

8,opponent_removing_accessory,notSaidMarker=mast-intro-final,sad,"Oh... that's kinda disappointing, ~name~..."
8,opponent_removing_accessory,notSaidMarker=mast-intro-final,sad,Oh... that's disappointing...
8,opponent_removing_accessory,notSaidMarker=mast-intro-final,thinking,"...I'm a bit surprised you can still take off tiny things like that, though..."
8,opponent_removing_accessory,notSaidMarker=mast-intro-final,thinking,"...Eh? You still have tiny stuff like that, ~name~?"
8,opponent_removing_accessory,notSaidMarker=mast-intro-final,shocked,...W-when will your accessories end?
8,opponent_removing_accessory,notSaidMarker=mast-intro-final,shocked,...H-how many accessories do you have?

8,opponent_removed_accessory,notSaidMarker=mast-intro-final,embarassed,"N-now that I think about it, it's a bit weird to... um, m-masturbate to someone in front of me, so... it's not that big of a deal..."
8,opponent_removed_accessory,notSaidMarker=mast-intro-final,embarassed,"N-now that I think about it, it's a bit awkward, m-masturbating to someone who's right in front of you, isn't it...? S-so I don't really mind, I guess..."
8,opponent_removed_accessory,notSaidMarker=mast-intro-final,nervous,I-I guess I'll have to wait!
8,opponent_removed_accessory,notSaidMarker=mast-intro-final,nervous,I-- I can wait for more...
8,opponent_removed_accessory,notSaidMarker=mast-intro-final,nervous,I guess you're a bit nervous too...
8,opponent_removed_accessory,notSaidMarker=mast-intro-final,nervous,"I-I guess you're as nervous as I was, huh..."

8,opponent_removing_accessory,,nervous,"Oh... I, um... kinda wanted to see more, though..."
8,opponent_removing_accessory,,nervous,I-Is it weird that I kinda want to see more of ~name~...?
8,opponent_removing_accessory,,nervous,"I-I kind of want to see more, though... s-sorry!"
8,opponent_removing_accessory,,nervous,"Aww... that's it? I'm not really seeing much, though..."
8,opponent_removing_accessory,,nervous,"Ehh... that's all, ~name~? I-I kind of want to see more, though..."
8,opponent_removing_accessory,,nervous,"I-I kind of would like to see more of you, ~name~!"

8,opponent_removed_accessory,,nervous,Oh well... I can still keep going!
8,opponent_removed_accessory,,nervous,"I-I can keep going, though...!"
8,opponent_removed_accessory,,nervous,I-I guess I'll have to wait!
8,opponent_removed_accessory,,nervous,I-- I can wait for more...
8,opponent_removed_accessory,,happy,"I'll just... use my imagination, then!"
8,opponent_removed_accessory,,happy,"You're... leaving it up to the imagination, then, ~name~? Right? ...I can work with that!"

8,opponent_removing_minor,notSaidMarker=mast-intro-final,nervous,"O-oh, um... okay..."
8,opponent_removing_minor,notSaidMarker=mast-intro-final,nervous,"O-Okay then, ~name~..."
8,opponent_removing_minor,notSaidMarker=mast-intro-final,nervous,"Uhm... okay, then..."
8,opponent_removing_minor,notSaidMarker=mast-intro-final,nervous,"A-Alright then, ~name~..."

8,opponent_removed_minor,notSaidMarker=mast-intro-final,thinking,"...still, though, it's something."
8,opponent_removed_minor,notSaidMarker=mast-intro-final,thinking,"Are you saving things for later, ~name~?"
8,opponent_removed_minor,notSaidMarker=mast-intro-final,thinking,"So... I guess you're saving things for later, ~name~?"
8,opponent_removed_minor,notSaidMarker=mast-intro-final,thinking,I can wait until you've taken off more things...
8,opponent_removed_minor,notSaidMarker=mast-intro-final,thinking,I guess I'll just have to wait...!
8,opponent_removed_minor,notSaidMarker=mast-intro-final,thinking,...it's still something! I guess...
8,opponent_removed_minor,notSaidMarker=mast-intro-final,thinking,"Um... well, ~name~ still took something off! So it's not so disappointing!"
8,opponent_removed_minor,notSaidMarker=mast-intro-final,thinking,"I guess you're... trying to build up tension, then?"

8,opponent_removing_minor,,nervous,"O-Oh, that's it... um, okay~!"
8,opponent_removing_minor,,nervous,"Aww... that's it, ~name~?"
8,opponent_removing_minor,,nervous,Eh? Is that really all?
8,opponent_removing_minor,,nervous,Aww... is that all?
8,female_removing_minor,,nervous,"Oh, that's all she's... u-um, okay!"
8,male_removing_minor,,nervous,"Oh, that's all he's... u-um, okay!"

8-9,opponent_removed_minor,,thinking,"Uhm... what's next, then?"
8-9,opponent_removed_minor,,thinking,Sooo... now what?
8-9,opponent_removed_minor,,thinking,"Uhm... what do we do, now?"
8-9,opponent_removed_minor,,thinking,"Ehhh... let's keep going, then?"
8-9,opponent_removed_minor,,thinking,"So, uhm... what do we do next, ~player~?"
8-9,opponent_removed_minor,,thinking,Sooo... what do we do next?
8-9,opponent_removed_minor,,thinking,Err... what do we do now?
8-9,opponent_removed_minor,,thinking,"So, uhm.... let's keep going, I guess...?"

8,male_removing_major,notSaidMarker=mast-intro-final,thinking,Hm? ~name~'s taking off his ~clothing...
8,female_removing_major,notSaidMarker=mast-intro-final,thinking,Hm? ~name~'s taking off her ~clothing...
8,male_removing_major,notSaidMarker=mast-intro-final,thinking,"~name~ without his ~clothing~? ...I'd like to see that, actually..."
8,female_removing_major,notSaidMarker=mast-intro-final,thinking,"~name~ without her ~clothing~? ...I'd like to see that, actually..."
8,opponent_removing_major,notSaidMarker=mast-intro-final,calm,"I-I'm really starting to warm up to this, aren't I...?"
8,opponent_removing_major,notSaidMarker=mast-intro-final,calm,I-I'm really warming up to this...!
8,opponent_removing_major,notSaidMarker=mast-intro-final,calm,I think I'm warming up to this!

8,opponent_removed_major,notSaidMarker=mast-intro-final,happy,"I-I'm imagining so many things, right now... ehehe..."
8,opponent_removed_major,notSaidMarker=mast-intro-final,happy,Mmm... cute!
8,opponent_removed_major,notSaidMarker=mast-intro-final,happy,A-and you still have so much more left to see... I'm excited!
8,male_removed_major,notSaidMarker=mast-intro-final,happy,A-and he still has so much more left to see... this is exciting!
8,female_removed_major,notSaidMarker=mast-intro-final,happy,I'm excited to see what more she has left to reveal...

8,opponent_removing_major,,embarassed,"Oooh! <i>Nice</i>, ~name~! O-oh, I mean, um, sorry..."
8,opponent_removing_major,,embarassed,"Oh, yes! I-I mean, not-- um-- er... s-sorry about that, ~name~..."
8,opponent_removing_major,,embarassed,"Oh, this will be nice... o-oh, ~name~! S-sorry..."
8,male_removing_major,,embarassed,"W-watching ~name~ take off his ~clothing~ feels... <i>good</i>. I mean, um, <i>relaxing</i>! I mean, um..."
8,female_removing_major,,embarassed,"<i>Yes!</i> I get to see ~name~ take off her ~clothing~! I-I mean, um.... sorry, ~name~..."
8,female_removing_major,,embarassed,"Watching ~name~ take off her ~clothing~ feels so <i>nice</i>... I-I mean, um, it feels <i>relaxing</i>! I-I mean, um..."

8,male_removed_major,,embarassed,"Mmmm, ~name~ without his ~clothing~... o-oh, sorry... was I staring? S-sorry..."
8,male_removed_major,,happy,"S-still though... y-you look, um... v-very handsome, ~name~!"
8,male_removed_major,,shocked,"I kind of want to see what's beneath his underwear, now... o-oh wait, <i>did I say that out loud?!</i>"
8,female_removed_major,,embarassed,"Ooooh, ~name~ without her ~clothing~... o-oh, sorry, ~name~, was I staring? S-sorry..."
8,female_removed_major,,happy,"S-still, though, ~name~! Y-you look really pretty like that!"
8,female_removed_major,,shocked,"A-and now I want to see what she's hiding beneath that underwear... o-oh, wait, <i>did I say that out loud?!</i>"

8,male_chest_will_be_visible,notSaidMarker=mast-intro-final,embarassed,"I, uh, kinda wouldn't mind seeing ~name~'s, um, chest muscle..."
8,male_chest_will_be_visible,notSaidMarker=mast-intro-final,embarassed,I-- I wouldn't mind seeing <i>this...</i>
8,male_chest_will_be_visible,notSaidMarker=mast-intro-final,embarassed,"I-- I've kinda been looking forward to seeing this, so..."
8,male_chest_is_visible,notSaidMarker=mast-intro-final,horny,"O-Oh, wow, ~name~..."
8,male_chest_is_visible,notSaidMarker=mast-intro-final,horny,(<i>I-- I wonder what ~name~'s chest feels like...</i>)
8,male_chest_is_visible,notSaidMarker=mast-intro-final,horny,Oh wow... <i>~name~...!</i>

8,male_chest_will_be_visible,,happy,"Wait, ~name~! Your ~clothing~ is the only thing covering your chest now, isn't it?"
8,male_chest_will_be_visible,,happy,"Oh! We're going to see ~name~ topless now, right?"
8,male_chest_will_be_visible,,happy,"~name~'s going to be fully topless now, right?"
8,male_chest_is_visible,"notSaidMarker=natsuki-toplessmen-2, priority=0",happy,"Natsuki was right! Shirtless guys are pretty hot! ...how do I know she said that? She, um... lets things slip sometimes, during club meetings, ehehe...",natsuki-toplessmen-2
8,male_chest_is_visible,"notSaidMarker=natsuki-toplessmen-1, priority=0",happy,"Oh, wow... you look like one of the guys in those doujinshi Natsuki thinks we can't find around the clubroom!",natsuki-toplessmen-1
8,male_chest_is_visible,,horny,"You're definitely very <i>inspiring</i>, ~name~!"
8,male_chest_is_visible,,horny,"Ooo... thanks for being <i>inspiring</i>, ~name~~!"

8,female_chest_will_be_visible,notSaidMarker=mast-intro-final,happy,"D-Don't worry, ~name~! You won't be alone!"
8,female_chest_will_be_visible,notSaidMarker=mast-intro-final,embarassed,"I, uh, wouldn't mind seeing ~name~'s boobs... a bit..."
8,female_chest_will_be_visible,notSaidMarker=mast-intro-final,thinking,I-I'm kinda wondering how our sizes compare...
8,female_small_chest_is_visible,notSaidMarker=mast-intro-final,happy,I-I guess we're the same!
8,female_small_chest_is_visible,notSaidMarker=mast-intro-final,happy,"W-We match, huh?"
8,female_small_chest_is_visible,notSaidMarker=mast-intro-final,happy,W-We're alike!
8,female_medium_chest_is_visible,notSaidMarker=mast-intro-final,embarassed,"O-Oh, you're a bit bigger..."
8,female_medium_chest_is_visible,notSaidMarker=mast-intro-final,nervous,I-- I think you're slightly bigger... I'm kinda jealous!
8,female_medium_chest_is_visible,notSaidMarker=mast-intro-final,embarassed,"The perfect size, huh... <i>uh</i> I-- I mean..."
8,female_large_chest_is_visible,notSaidMarker=mast-intro-final,shocked,Whoa... so large...
8,female_large_chest_is_visible,notSaidMarker=mast-intro-final,nervous,"I-- I guess I'm just a washboard, huh...?"
8,female_large_chest_is_visible,notSaidMarker=mast-intro-final,thinking,Whoa... those are big...!

8,female_chest_will_be_visible,,embarassed,"Oh, ~name~'s going to reveal her boobs to us?"
8,female_chest_will_be_visible,,thinking,"Y-You're not going to be the only topless girl here, ~name~, don't worry!"
8,female_small_chest_is_visible,,excited,"...Oh, we're the same!"
8,female_small_chest_is_visible,,excited,"Ehehe... we match, ~name~!"
8,female_small_chest_is_visible,"notSaidMarker=natsuki-boob-comp, priority=0",excited,"Eh? You're like Natsuki, ~name~!",natsuki-boob-comp
8,female_medium_chest_is_visible,,thinking,"Hmm... so you're like Monika, then..."
8,female_medium_chest_is_visible,,nervous,"Ehehe... sometimes I wish that my boobs were a bit bigger like yours, ~name~..."
8,female_medium_chest_is_visible,,thinking,"Hmm... a bit bigger than mine, I see..."
8,female_large_chest_is_visible,,shocked,"Eh?! How are your boobs so big, ~name~?"
8,female_large_chest_is_visible,,nervous,"Whoa... your boobs are huge, ~name~! And I'm just kinda flat, ehehe..."
8,female_large_chest_is_visible,"notSaidMarker=yuri-boob-comp, priority=0",happy,"Whoa... you're like Yuri, ~name~!",yuri-boob-comp

8,female_crotch_will_be_visible,notSaidMarker=mast-intro-final,embarassed,"Uh... we're going to see ~name~'s, um..."
8,female_crotch_will_be_visible,notSaidMarker=mast-intro-final,embarassed,~name~... she's going to show off her...
8,female_crotch_will_be_visible,notSaidMarker=mast-intro-final,embarassed,~name~'s... about to show us her vagina...
8,female_crotch_is_visible,notSaidMarker=mast-intro-final,embarassed,(<i>...I wonder what it'd be like to put my fingers there? Would she squeal and moan and...</i>)
8,female_crotch_is_visible,notSaidMarker=mast-intro-final,embarassed,(<i>W-Would ~name~ mind if I offered to finger her...? I-- I wonder what that would feel like...</i>)

8,female_crotch_will_be_visible,,embarassed,"Eh? ~name~'s going to show off her, uh... wait, actually..."
8,female_crotch_will_be_visible,,embarassed,"~name~'s going to show off her <i>thing</i>! You know, her, uh, <i>parts!</i> ...okay, wait..."
8,female_crotch_will_be_visible,,embarassed,"~name~'s showing off her <i>stuff</i>? ...her hole? ...hm, wait..."
8,female_crotch_is_visible,,thinking,"...what should I even call it, anyways? 'Vagina' sounds too formal, but 'pussy' just... doesn't seem right.",vag-naming
8,female_crotch_is_visible,,thinking,"...what should I even call it, anyways? 'Vagina' sounds too, um, rigid... but ""pussy"" just feels a bit weird, in my mouth... um, wait, <i>Ididn'tmeantosaythat...</i>",pussy-entendre
8,female_crotch_is_visible,filter=shaved,happy,"Oh! You shave, ~name~! T-though I guess that's kinda obvious..."
8,female_crotch_is_visible,filter=trimmed,thinking,"...maybe I should trim, too? Like ~name~...?"
8,female_crotch_is_visible,filter=hairy,happy,"...oh, I'm not the only one who keeps forgetting to trim?"

8,male_crotch_will_be_visible,notSaidMarker=mast-intro-final,embarassed,I-- I never expected to be able to see something like this...
8,male_crotch_will_be_visible,notSaidMarker=mast-intro-final,embarassed,O-Oh! We're about to see ~name~'s...!
8,male_crotch_will_be_visible,notSaidMarker=mast-intro-final,embarassed,I-- I never really thought I'd have the chance to see something like this...
8,male_small_crotch_is_visible,notSaidMarker=mast-intro-final,happy,...oh. It's... um... a bit smaller than I expected...
8,male_small_crotch_is_visible,notSaidMarker=mast-intro-final,happy,...huh. That seems kinda small...
8,male_small_crotch_is_visible,notSaidMarker=mast-intro-final,happy,...eh? I-Is that it?
8,male_medium_crotch_is_visible,notSaidMarker=mast-intro-final,happy,"...ehehe, I can see you're kinda excited, already..."
8,male_medium_crotch_is_visible,notSaidMarker=mast-intro-final,horny,(<i>I-- I wonder what it feels like in my hands...</i>)
8,male_medium_crotch_is_visible,notSaidMarker=mast-intro-final,horny,(<i>So something like that would go into my...!</i>)
8,male_large_crotch_is_visible,notSaidMarker=mast-intro-final,shocked,E-Eh? A-Are they normally that big?!
8,male_large_crotch_is_visible,notSaidMarker=mast-intro-final,shocked,(<i>H-How would something like that even fit?</i>)
8,male_large_crotch_is_visible,notSaidMarker=mast-intro-final,shocked,I-Is it <i>supposed</i> to be that big?!

8-9,male_crotch_will_be_visible,,happy,"So ~name~'s about to... um, come clean about his cock, right? ...Oh wait, that alliterated!",penis-wordplay-1
8-9,male_crotch_will_be_visible,,thinking,"So we're about to... um, see ~name~'s snake? Perceive his penis? ...describe his dick? Hmm... how else could I say it?",penis-wordplay-2
8-9,male_crotch_will_be_visible,,thinking,"So ~name~'s about to... um, how do I say this... Brandish his boner? Showcase the snake? Reveal the eel? ...um, any ideas? I'm kinda wondering about this now, ehehe~!",penis-wordplay-3
8-9,male_small_crotch_is_visible,,nervous,"...I guess you have a pint-sized phallus, ~name~. Or a puny pecker? ...measly man-meat, maybe... or a negligible noodle?",penis-wordplay-4
8-9,male_small_crotch_is_visible,,nervous,"So, ~name~, you have a.... runty rope? A trifling tool? A stunted stick?",penis-wordplay-5
8-9,male_small_crotch_is_visible,,nervous,"Ooo, ~name~ has a... petite penis, right? A diminutive dick? ...an itty-bitty batter blaster? No, that last one sounds stupid...",penis-wordplay-6
8-9,male_medium_crotch_is_visible,,happy,"Hmm... ~name~? The affection displayed by your erection isn't a deception, is it?",penis-wordplay-7
8-9,male_medium_crotch_is_visible,,thinking,"It looks like ~name~ has... a normally-sized knob? A moderate member? An ordinary organ? Eh, that last one sounds a bit off...",penis-wordplay-8
8-9,male_medium_crotch_is_visible,,thinking,"It looks like ~name~ has... a standard schlong? A par-for-the-course pickle? A regular rod? An average anaconda? ...seriously, does anyone else have any ideas?",penis-wordplay-9
8-9,male_large_crotch_is_visible,,embarassed,"...Whoa. That's a, um... stunningly-sized shaft, ~name~. Or maybe a sizable schlong? Ooo, what about a gargantuan girl-plugger?",penis-wordplay-10
8-9,male_large_crotch_is_visible,,happy,"Oh! You could say we can, um... infer your intention from the direction of your erection for the examination of your affection! ...wow, that was fun!",penis-wordplay-11
8-9,male_large_crotch_is_visible,,thinking,"Wow! ~name~ has a... let's see... a titanic tube? A long log? Extravagant equipment? ...a massive mushroom, I guess...? Does anyone else have any ideas?",penis-wordplay-12

8,opponent_must_masturbate,notSaidMarker=mast-intro-final,happy,"Y-You too, huh?"
8,opponent_must_masturbate,notSaidMarker=mast-intro-final,happy,"I-It's not as bad as it seems, really!"
8,opponent_must_masturbate,notSaidMarker=mast-intro-final,happy,"Ehehe... you too, huh?"

8-9,male_must_masturbate,,happy,"I guess you'll have to start masturbating too, ehehe~!"
8-9,male_must_masturbate,,happy,"Hmm... I wonder. Is this as, um, embarassing for guys versus girls?"
8-9,male_must_masturbate,,happy,"Ehehe... are you excited to watch this too, ~player~?"

8-9,female_must_masturbate,,happy,"Oh, you'll have to start, um, schlicking too, ehehe~!"
8-9,female_must_masturbate,,happy,"Don't worry, ~name~... it's, um, not as embarassing as it seems, ehehe..."
8,female_must_masturbate,,happy,"Ehehe... I think <i>someone's</i> excited about seeing us schlick together, ~name~!"

8,opponent_start_masturbating,notSaidMarker=mast-intro-final,happy,"T-This'll be fun to watch, I think...!"
8,opponent_start_masturbating,notSaidMarker=mast-intro-final,happy,"I-I guess that makes two of us, huh?"
8,opponent_start_masturbating,notSaidMarker=mast-intro-final,happy,"And that makes two of us, right?"

8-9,opponent_start_masturbating,,excited,Ooo....
8-9,opponent_start_masturbating,,excited,I can't wait to see...
8-9,opponent_start_masturbating,,excited,"This'll be nice to watch, ehehe~!"

8-9,opponent_start_masturbating,,excited,"Oh, my..."
8-9,opponent_start_masturbating,,excited,Ehehe~!
8-9,opponent_start_masturbating,,excited,This'll be <i>exciting!</i>

8-9,male_masturbating,target=human,horny,(<i>I-- I wouldn't mind it if ~player~'s shaft were... inside of me...</i>)
8-9,female_masturbating,target=human,horny,(<i>I-- I wouldn't really mind it if ~player~'s fingers were... inside of me...</i>)
8-9,opponent_masturbating,target=human,horny,"(<i>N-Now that I'm imagining it... doing THAT with ~player~... sounds kinda nice, actually...</i>)"
8-9,opponent_masturbating,target=human,horny,(<i>N-Now that I'm imagining it... I really wouldn't mind doing THOSE kinds of things with ~player~...</i>)

8-9,opponent_masturbating,,horny,(<i>I-- I never thought I'd get turned on by this!</i>)

8-9,male_masturbating,,horny,"(<i>...so, would that go into my...!</i>)"
8-9,male_masturbating,,horny,"(<i>...so, something like that would go... into me?</i>)"

8-9,female_masturbating,,horny,(<i>...wouldn't it be nice if my fingers were going into her--! Um...</i>)
8-9,female_masturbating,,horny,"(<i>~name~ is really cute, isn't she? Wouldn't it be nice if I were the one-- Um...</i>)"

8,male_heavy_masturbating,notSaidMarker=mast-intro-final,happy,"...is it just me, or does ~name~ look like he's close?"
8,female_heavy_masturbating,notSaidMarker=mast-intro-final,happy,"...is it just me, or does ~name~ look like she's close?"
8,opponent_heavy_masturbating,notSaidMarker=mast-intro-final,happy,"...having fun, ~name~?"
8,opponent_heavy_masturbating,notSaidMarker=mast-intro-final,happy,Hm? I-Is ~name~ about to finish?
8,opponent_heavy_masturbating,notSaidMarker=mast-intro-final,happy,"O-Oh! ~name~'s about to finish, right?"

8,opponent_finished_masturbating,notSaidMarker=mast-intro-final,horny,"<i>Oooohh</i>, that sound..."
8,opponent_finished_masturbating,notSaidMarker=mast-intro-final,thinking,I-- I guess this is the end for ~name~...
8,opponent_finished_masturbating,notSaidMarker=mast-intro-final,thinking,"A-and that's it for ~name~, right?"

8-9,male_heavy_masturbating,,happy,"Ehehe... ~name~ looks like he's having fun, isn't he?"
8-9,female_heavy_masturbating,,happy,"Ehehe... ~name~ looks like she's having fun, isn't she?"
8-9,opponent_heavy_masturbating,,happy,"Ehehe... having fun there, ~name~?"
8-9,opponent_heavy_masturbating,,excited,"~name~'s moving faster... ooh! Wait, so, it's like a story! First, the rising action, and then..."
8-9,opponent_heavy_masturbating,,excited,Ooh! Is ~name~ about to finish? 

8-9,opponent_finished_masturbating,,excited,"...first the rising action, and then the <i>climax</i>, ehehe~!"
8-9,opponent_finished_masturbating,,happy,"Ehehe... your <i>stuff</i> really got everywhere, didn't it?"
8-9,opponent_finished_masturbating,,happy,"Ehehe... that's the end for ~name~, isn't it?"
