stage,case,conditions,image,text,marker,internal thought,actual text
3,must_strip_winning,,nervous,"I-I really get that I'm winning, but... but...!",,,"I-I really get that I'm winning, but... but...!"
3,must_strip_winning,,nervous,"I guess I'm still winning, but... um...!",,,"I guess I'm still winning, but... um...!"
3,must_strip_winning,,nervous,"R-really? I-I mean, I'm winning, but... do I <i>really</i> have to?!",,,"R-really? I-I mean, I'm winning, but... do I <i>really</i> have to?!"
3,must_strip_normal,,nervous,Uh-oh.,,,Uh-oh.
3,must_strip_normal,,nervous,"T-this really isn't good, is it?",,,"T-this really isn't good, is it?"
3,must_strip_normal,,nervous,"I-I'm in trouble now, I think...",,,"I-I'm in trouble now, I think..."
3,must_strip_losing,,nervous,"Oh no, oh no, oh nooooo....",,,"Oh no, oh no, oh nooooo...."
3,must_strip_losing,,nervous,Ah! Nonononono....,,,Ah! Nonononono....
3,must_strip_losing,,nervous,...uhm. This isn't good.,,,...uhm. This isn't good.
3,stripping,,stripping,"I-I don't have anything else, so... uhm...",,,"I-I don't have anything else, so... uhm..."
3,stripping,,stripping,"I-It's come to <i>this</i>, huh...",,,"I-It's come to <i>this</i>, huh..."
3,stripping,,stripping,"I-I guess I have to go shirtless, ehehe...",,,"I-I guess I have to go shirtless, ehehe..."
4,stripped,,determined,(<i>I- I wonder what ~player~ thinks...</i>) Okay! I-- I just have to think positively from here on out. And... go!,,I- I wonder what ~player~ thinks...,Okay! I-- I just have to think positively from here on out. And... go!
4,stripped,,determined,"(<i>T-This is so embarassing...</i>) Okay! I just have to think positively, and I'll get through this!",,T-This is so embarassing...,"Okay! I just have to think positively, and I'll get through this!"
4,stripped,,determined,"(<i>I-I can't believe I'm...</i>) Okay! Just think happy thoughts, Sayori, and you'll start doing better!",,I-I can't believe I'm...,"Okay! Just think happy thoughts, Sayori, and you'll start doing better!"
,,,,,,,
4,must_strip_winning,,determined,"(<i>Oh no, not again...</i>) T-this isn't as bad as it seems! I'm still winning!",,"Oh no, not again...",T-this isn't as bad as it seems! I'm still winning!
4,must_strip_winning,,determined,"(<i>A-Again?!</i>) Okay, I lost! But it's not so bad! I'm still winning!",,A-Again?!,"Okay, I lost! But it's not so bad! I'm still winning!"
4,must_strip_winning,,determined,"(<i>No, no, no...</i>) So, I lost, huh... but it's not so bad, yet! I'm still in the lead!",,"No, no, no...","So, I lost, huh... but it's not so bad, yet! I'm still in the lead!"
4,must_strip_normal,,determined,"(<i>I have to-- again?!</i>) O-okay, so I lost... I-I'll just have to be more positive!",,I have to-- again?!,"O-okay, so I lost... I-I'll just have to be more positive!"
4,must_strip_normal,,determined,"(<i>Oh no, oh no, oh no...</i>) I lost again... b-but that doesn't matter! I'll just be more postiive!",,"Oh no, oh no, oh no...",I lost again... b-but that doesn't matter! I'll just be more postiive!
4,must_strip_normal,,determined,(<i>W-Why did I choose to play this game?</i>) Another loss.... b-but it doesn't matter! I'll just... redouble my effort!,,W-Why did I choose to play this game?,Another loss.... b-but it doesn't matter! I'll just... redouble my effort!
4,must_strip_losing,,determined,"(<i>Do I really know what I'm doing?</i>) A-alright, so I'm losing... but if I can just really get <i>serious</i>, now, I can still win!",,Do I really know what I'm doing?,"A-alright, so I'm losing... but if I can just really get <i>serious</i>, now, I can still win!"
4,must_strip_losing,,determined,"(<i>I- I don't know what I'm doing here, do I...</i>) O-okay! If I can really get <i>serious</i>, now, I can still get out of this losing streak!",,"I- I don't know what I'm doing here, do I...","O-okay! If I can really get <i>serious</i>, now, I can still get out of this losing streak!"
4,must_strip_losing,,determined,"(<i>I don't know what I'm doing, anymore...</i>) I'm losing... b-but if I get <i>serious</i>, I-I think I can still win this!",,"I don't know what I'm doing, anymore...","I'm losing... b-but if I get <i>serious</i>, I-I think I can still win this!"
4,stripping,,stripping,A-and <i>I'mtakingoffmyskirtnowahahaha</i>...,,,A-and <i>I'mtakingoffmyskirtnowahahaha</i>...
4,stripping,,stripping,"I-It's just your skirt, Sayori, don't get nervous...",,,"I-It's just your skirt, Sayori, don't get nervous..."
4,stripping,,stripping,"J-just pretend you're changing out of your uniform after a day at school, Sayori...",,,"J-just pretend you're changing out of your uniform after a day at school, Sayori..."
5,stripped,,sad,"(<i>B-but what if I have to, um, forfeit? What happens then? I-I won't have to go home like this, right...?</i>) ",,"B-but what if I have to, um, forfeit? What happens then? I-I won't have to go home like this, right...?",
5,stripped,,sad,"(<i>B-but what happens if I don't win? What happens if I keep getting bad cards? I don't really know what good cards look like, do I...?</i>) ",,"B-but what happens if I don't win? What happens if I keep getting bad cards? I don't really know what good cards look like, do I...?",
5,stripped,,sad,"(<i>C-can I really do this? D-do I really know what I'm doing, here? What happens if I don't win? Will I really have to...</i>) ",,"C-can I really do this? D-do I really know what I'm doing, here? What happens if I don't win? Will I really have to...",
,,,,,,,
5,must_strip_winning,,sad,"No, no, no...",,,"No, no, no..."
5,must_strip_winning,,sad,"...T-this isn't working, is it...",,,"...T-this isn't working, is it..."
5,must_strip_winning,,sad,"...T-this isn't working, nothing's working...",,,"...T-this isn't working, nothing's working..."
5,must_strip_normal,,sad,I-I can't keep this up anymore...,,,I-I can't keep this up anymore...
5,must_strip_normal,,sad,I can't do this... I can't do <i>anything</i>...,,,I can't do this... I can't do <i>anything</i>...
5,must_strip_normal,,sad,Why isn't this working? Why can't I do <i>anything</i>?!,,,Why isn't this working? Why can't I do <i>anything</i>?!
5,must_strip_losing,,sad,"I-I really can't do this, can I...",,,"I-I really can't do this, can I..."
5,must_strip_losing,,sad,"I-I can't even win at cards, can I...",,,"I-I can't even win at cards, can I..."
5,must_strip_losing,,sad,"I-I'm as terrible at cards as I am with everything else, huh...",,,"I-I'm as terrible at cards as I am with everything else, huh..."
5,stripping,,stripping,I- I just...,,,I- I just...
5,stripping,,stripping,...,,,...
5,stripping,,stripping,...why can't I...,,,...why can't I...
6,stripped,,crying,I can't even play a simple card game right...,,,I can't even play a simple card game right...
6,stripped,,crying,"T-this is a relatively simple card game, right? ...and I can't even play it well...",,,"T-this is a relatively simple card game, right? ...and I can't even play it well..."
6,stripped,,crying,"I-I'm really terrible at this, aren't I? Like everything else...",,,"I-I'm really terrible at this, aren't I? Like everything else..."
,,,,,,,
4-5,swap_cards,,thinking,"(<i>Please be good, please be good...</i>) ~cards~ c-cards! Uh, please!",,"Please be good, please be good...","~cards~ c-cards! Uh, please!"
4-5,swap_cards,,thinking,"Should I swap this one, or <i>this</i> one... uhh... actually, just give me ~cards~, please!",,,"Should I swap this one, or <i>this</i> one... uhh... actually, just give me ~cards~, please!"
4-5,swap_cards,,thinking,U-uhm... I-I'll take ~cards~ cards. P-Please!,,,U-uhm... I-I'll take ~cards~ cards. P-Please!
,,,,,,,
4,bad_hand,,nervous,"(<i>The others don't think I'm annoying, do they...?</i>) E-Eh? Why are these cards... d-did I do something bad?",,"The others don't think I'm annoying, do they...?",E-Eh? Why are these cards... d-did I do something bad?
4,bad_hand,,nervous,(<i>D-does ~player~ think I'm annoying?</i>) A-are these cards my punishment? Do I have to accept the revolution?!,,D-does ~player~ think I'm annoying?,A-are these cards my punishment? Do I have to accept the revolution?!
4,bad_hand,,nervous,"(<i>Please, anything but this...</i>) Uh... can I get a redo? Pretty please?",,"Please, anything but this...",Uh... can I get a redo? Pretty please?
4,bad_hand,,sad,"(<i>Oh, no... I don't want to have to--</i>) I lost my shirt and now <i>this</i>!?",,"Oh, no... I don't want to have to--",I lost my shirt and now <i>this</i>!?
4,bad_hand,,sad,"(<i>No, please, I-- I don't want to have to strip more!</i>) Umm... how are you doing, ~player~?",,"No, please, I-- I don't want to have to strip more!","Umm... how are you doing, ~player~?"
4,bad_hand,,nervous,"(<i>Oh, no... I really don't want to have to strip again...</i>) Ehehe... I think these are pretty bad cards...",,"Oh, no... I really don't want to have to strip again...",Ehehe... I think these are pretty bad cards...
4,bad_hand,,nervous,"(<i>Please don't tell me I have to strip again...</i>) W-Wow, these are really bad cards...!",,Please don't tell me I have to strip again...,"W-Wow, these are really bad cards...!"
,,,,,,,
4,okay_hand,,happy,"(<i>I-- I don't want to think about this...</i>) Hmm.... you know, ~player~? I kinda want to write a poem, now!",,I-- I don't want to think about this...,"Hmm.... you know, ~player~? I kinda want to write a poem, now!"
4,okay_hand,,calm,"(<i>The others don't think I'm annoying, do they...?</i>) <a href=""https://www.youtube.com/watch?v=BFSWlDpA6C4""><i>Do doo dooo, de doo doop...</i></a> ...Oh! Was I humming? Sorry...",humming,"The others don't think I'm annoying, do they...?","<a href=""https://www.youtube.com/watch?v=BFSWlDpA6C4""><i>Do doo dooo, de doo doop...</i></a> ...Oh! Was I humming? Sorry..."
4,okay_hand,,happy,"(<i>...does ~player~ think I'm annoying...?</i>) I-I guess things aren't so bad, right?",,...does ~player~ think I'm annoying...?,"I-I guess things aren't so bad, right?"
4,okay_hand,,happy,(<i>I really hope those card choices were good...</i>) Hmm... I wonder if I could write a poem about these cards?,,I really hope those card choices were good...,Hmm... I wonder if I could write a poem about these cards?
4,okay_hand,,happy,"(<i>I-- I hope the others can't see how nervous I am...!</i>) I'm usually terrible at these kinds of games, so... we'll have to see how things go, ehehe~!",,I-- I hope the others can't see how nervous I am...!,"I'm usually terrible at these kinds of games, so... we'll have to see how things go, ehehe~!"
4,okay_hand,,excited,"(<i>W-Was it really the best idea for me to swap those cards...?</i>) Ehehe... you seem to know what you're doing, ~player~. Do you have any tips?",,W-Was it really the best idea for me to swap those cards...?,"Ehehe... you seem to know what you're doing, ~player~. Do you have any tips?"
4,okay_hand,,excited,"(<i>Swapping those was probably a bad idea, wasn't it?</i>) Uh... hey, ~player~! You seem to know what you're doing, so... do you have any tips I could use?",,"Swapping those was probably a bad idea, wasn't it?","Uh... hey, ~player~! You seem to know what you're doing, so... do you have any tips I could use?"
4,okay_hand,,happy,"(<i>I-I'm glad ~player~ can't see how nervous I am...</i>) Hehe... are you okay, ~player~? You look... hm... contemplative!",,I-I'm glad ~player~ can't see how nervous I am...,"Hehe... are you okay, ~player~? You look... hm... contemplative!"
4,okay_hand,,happy,"(<i>I'm glad ~player~ can't see how anxious I am...</i>) Hehe... don't worry, ~player~! I'm sure you have this game in the bag!",,I'm glad ~player~ can't see how anxious I am...,"Hehe... don't worry, ~player~! I'm sure you have this game in the bag!"
4,okay_hand,,happy,"(<i>W-Why am I so nervous, right now...?</i>) Hmm... maybe I should write a poem, or something?",,"W-Why am I so nervous, right now...?","Hmm... maybe I should write a poem, or something?"
,,,,,,,
4,good_hand,,excited,(<i>I-- I guess I'm safe... right?</i>) These cards... were they because I paid my restitution?!,,I-- I guess I'm safe... right?,These cards... were they because I paid my restitution?!
4,good_hand,,excited,(<i>These cards are good... right?</i>) Ehehe! I'm~ not~ stripping~ again~!,,These cards are good... right?,Ehehe! I'm~ not~ stripping~ again~!
4,good_hand,,excited,(<i>I-- I hope these are good...</i>) Oh! These are really good! Phew!,,I-- I hope these are good...,Oh! These are really good! Phew!
4,good_hand,,happy,"(<i>I think these cards are good, but... do I really know...?</i>) Yes! I can start winning now!",,"I think these cards are good, but... do I really know...?",Yes! I can start winning now!
4,good_hand,,happy,(<i>I-- I hope I made the right decision about swapping those cards...</i>) Hmm... maybe these cards are good enough?,,I-- I hope I made the right decision about swapping those cards...,Hmm... maybe these cards are good enough?
4,good_hand,,happy,"(<i>I hope these are enough...</i>) I-I think I made the right call, swapping those cards out...",,I hope these are enough...,"I-I think I made the right call, swapping those cards out..."
4,good_hand,,happy,"(<i>Just... keep your thoughts to yourself, Sayori...</i>) Hmm... swapping those cards out was probably a good idea!",,"Just... keep your thoughts to yourself, Sayori...",Hmm... swapping those cards out was probably a good idea!
,,,,,,,
5,bad_hand,,nervous,"(<i>Oh, no, no, no... what do I do...?!</i>) Uh... I'm fine, don't worry!",,"Oh, no, no, no... what do I do...?!","Uh... I'm fine, don't worry!"
5,bad_hand,,happy,"(<i>No, no, no... why...?!</i>) ...Don't worry about me, ~player~! I'm fine!",,"No, no, no... why...?!","...Don't worry about me, ~player~! I'm fine!"
5,bad_hand,,happy,"(<i>No... please, no...</i>) Eh? ~player~? I-I'm fine! Don't worry!",,"No... please, no...",Eh? ~player~? I-I'm fine! Don't worry!
5,bad_hand,,excited,"(<i>No, no, no... please, no...</i>) I'm doing great, ~player~! No need to worry!",,"No, no, no... please, no...","I'm doing great, ~player~! No need to worry!"
5,bad_hand,,excited,"(<i>No, no! I-- I don't want to have to--</i>) Ehehe~! No need to worry about me at all, ~player~!",,"No, no! I-- I don't want to have to--","Ehehe~! No need to worry about me at all, ~player~!"
5,bad_hand,,happy,"(<i>T-This can't be happening...!</i>) I- I'm doing fine, ~player~, no need to worry!",,T-This can't be happening...!,"I- I'm doing fine, ~player~, no need to worry!"
5,bad_hand,,happy,"(<i>Oh, no, no... this can't happen now!</i>) A-Ahaha... t-these cards are fine, ~player~! No need to worry at all!",,"Oh, no, no... this can't happen now!","A-Ahaha... t-these cards are fine, ~player~! No need to worry at all!"
,,,,,,,
5,okay_hand,,happy,"(<i>K-Keep a smile on your face, Sayori... for ~player~...</i>) S-So! I-- think this hand is pretty alright! I think...",,"K-Keep a smile on your face, Sayori... for ~player~...",S-So! I-- think this hand is pretty alright! I think...
5,okay_hand,,determined,(<i>Don't show that you're--</i>) I-I think I'm alright for now!,,Don't show that you're--,I-I think I'm alright for now!
5,okay_hand,,happy,(<i>I- I can't worry ~player~...!</i>) E-Ehehe~! I think these cards are pretty alright~!,,I- I can't worry ~player~...!,E-Ehehe~! I think these cards are pretty alright~!
5,okay_hand,,happy,"(<i>Just bluff your way through it, Sayori...</i>) S-So! ~player~! How's your hand?",,"Just bluff your way through it, Sayori...",S-So! ~player~! How's your hand?
5,okay_hand,,determined,"(<i>I-- I just need to keep bluffing, and everything will be fine!</i>) I'm probably safe... o-or at least, that's what I think, ehehe~!",,"I-- I just need to keep bluffing, and everything will be fine!","I'm probably safe... o-or at least, that's what I think, ehehe~!"
5,okay_hand,,calm,"(<i>I-I'm so nervous, I think I'm gonna explode...!</i>) S-So! H-How are your cards, ~player~?",,"I-I'm so nervous, I think I'm gonna explode...!","S-So! H-How are your cards, ~player~?"
5,okay_hand,,determined,(<i>I-I need to pull myself together! I can't let the nervousness show!</i>) Ehehe... I think I'm safe for this round!,,I-I need to pull myself together! I can't let the nervousness show!,Ehehe... I think I'm safe for this round!
5,okay_hand,,calm,"(<i>T-The others can't see how nervous I am, right?</i>) So... what are you waiting for, ~player~?",,"T-The others can't see how nervous I am, right?","So... what are you waiting for, ~player~?"
,,,,,,,
5,good_hand,,excited,"(<i>Force your way through it, Sayori...</i>) ...Alright! I think my cards are really good, ~player~!",,"Force your way through it, Sayori...","...Alright! I think my cards are really good, ~player~!"
5,good_hand,,determined,"(<i>Keep a smile on your face for their sake, Sayori...</i>) Ehehe~! I don't think I'll be the one stripping, this round!",,"Keep a smile on your face for their sake, Sayori...","Ehehe~! I don't think I'll be the one stripping, this round!"
5,good_hand,,determined,"(<i>Don't give ~player~ a reason to be worried, Sayori!</i>) So~ooo... I think this hand's pretty good!",,"Don't give ~player~ a reason to be worried, Sayori!",So~ooo... I think this hand's pretty good!
5,good_hand,,excited,"(<i>Just bluff your way through it, Sayori...</i>) Ehehe~! I... kinda wanna write a poem, now!",,"Just bluff your way through it, Sayori...","Ehehe~! I... kinda wanna write a poem, now!"
5,good_hand,,happy,"(<i>I'm probably safe. Probably.</i>) So, uh... these cards look pretty safe, I think!",,I'm probably safe. Probably.,"So, uh... these cards look pretty safe, I think!"
5,good_hand,,happy,"(<i>Calm down, Sayori... we're probably safe...</i>) Hmm... these cards look okay!",,"Calm down, Sayori... we're probably safe...",Hmm... these cards look okay!
5,good_hand,,happy,"(<i>Pull yourself together, Sayori... we're probably safe.</i>) Oh! These cards are pretty good!",,"Pull yourself together, Sayori... we're probably safe.",Oh! These cards are pretty good!
,,,,,,,
4-5,player_must_strip,,happy,"Eh? I didn't lose the hand, right? ...Oh, but ~player~ did...",,,"Eh? I didn't lose the hand, right? ...Oh, but ~player~ did..."
4-5,player_must_strip,,happy,"Oh! ~player~ lost this round, ehehe~!",,,"Oh! ~player~ lost this round, ehehe~!"
4-5,player_must_strip,,nervous,"(<i>I-I wonder if ~player~ is nervous, too...</i>) ",,"I-I wonder if ~player~ is nervous, too...",
4-5,player_must_strip,,nervous,(<i>I wonder if ~player~ is as nervous as I am...</i>) ,,I wonder if ~player~ is as nervous as I am...,
4-5,female_human_must_strip,,determined,"(<i>W-Would she mind if I... um... looked...</i>) Ehehe~! Looks like you lost, ~player~!",,W-Would she mind if I... um... looked...,"Ehehe~! Looks like you lost, ~player~!"
4-5,male_human_must_strip,,determined,"(<i>W-Would he mind if I... um... looked...</i>) Ehehe~! Looks like you lost, ~player~!",,W-Would he mind if I... um... looked...,"Ehehe~! Looks like you lost, ~player~!"
,,,,,,,
4-5,opponent_must_strip,,nervous,"(<i>I guess the cards saved me, this round...</i>) A-at least it's ~name~ and not me! ...Sorry...",,"I guess the cards saved me, this round...",A-at least it's ~name~ and not me! ...Sorry...
4-5,opponent_must_strip,,nervous,(<i>I kinda feel sorry for ~name~...</i>) I-I guess I should be glad I don't have to strip...,,I kinda feel sorry for ~name~...,I-I guess I should be glad I don't have to strip...
4-5,opponent_must_strip,,excited,"(<i>I kinda feel bad for ~name~, but...</i>) A-and that's one more round I don't have to strip in! Yes!",,"I kinda feel bad for ~name~, but...",A-and that's one more round I don't have to strip in! Yes!
4-5,opponent_must_strip,,excited,"(<i>I-- I guess I feel a bit bad for ~name~, but on the other hand...</i>) I don't have to strip, this round! Yes!",,"I-- I guess I feel a bit bad for ~name~, but on the other hand...","I don't have to strip, this round! Yes!"
4-5,opponent_must_strip,,excited,"(<i>Wait a minute, I...</i>) Eh? I didn't lose the hand? Seriously?",,"Wait a minute, I...",Eh? I didn't lose the hand? Seriously?
4-5,opponent_must_strip,,excited,"(<i>Wait, hang on...</i>) It's not me, this time! Yes!",,"Wait, hang on...","It's not me, this time! Yes!"
,,,,,,,
4-5,male_removing_accessory,,determined,"Alright! I'll just have to win more! I'll get you naked, ~name~, no matter what! ...um... wait...",,,"Alright! I'll just have to win more! I'll get you naked, ~name~, no matter what! ...um... wait..."
4-5,male_removing_accessory,,determined,"Watch out, ~name~! I'll win this game, no matter what! I'm coming for you! ...wait a minute...",,,"Watch out, ~name~! I'll win this game, no matter what! I'm coming for you! ...wait a minute..."
4-5,male_removing_accessory,,determined,"Okay! I'm coming for you, ~name~! I'll do whatever I need to see your naked bod-- um, <i>wait!</i> I-I didn't mean it like that!",,,"Okay! I'm coming for you, ~name~! I'll do whatever I need to see your naked bod-- um, <i>wait!</i> I-I didn't mean it like that!"
4-5,male_removed_accessory,,happy,"(<i>Why did I say that?!</i>) I mean, um... I-I'll still get you anyways, ~name~!",,Why did I say that?!,"I mean, um... I-I'll still get you anyways, ~name~!"
4-5,male_removed_accessory,,happy,"(<i>Why would I even THINK about saying that?!</i>) I--I mean, um... e-even if it's a tiny step, it's still <i>something</i>, right?",,Why would I even THINK about saying that?!,"I--I mean, um... e-even if it's a tiny step, it's still <i>something</i>, right?"
4-5,male_removed_accessory,,happy,"(<i>Why, why, WHY did I even say that?!</i>) I-- I meant to say, um... I-I don't want to lose!",,"Why, why, WHY did I even say that?!","I-- I meant to say, um... I-I don't want to lose!"
,,,,,,,
4-5,female_removing_accessory,,determined,"I-I'll still get the rest of your clothing off, ~name~! U-Uh, don't take that the wrong way...",,,"I-I'll still get the rest of your clothing off, ~name~! U-Uh, don't take that the wrong way..."
4-5,female_removing_accessory,,determined,"H-hear my words, ~name~! I-I'll do whatever it takes to get you naked, ~name~-- <i>um</i>. I-I never said that, okay?",,,"H-hear my words, ~name~! I-I'll do whatever it takes to get you naked, ~name~-- <i>um</i>. I-I never said that, okay?"
4-5,female_removing_accessory,,determined,"I-I'll see that cute, naked body of yours, ~name~, if it's the last thing I-- um. I-I didn't mean for that to come out like that...",,,"I-I'll see that cute, naked body of yours, ~name~, if it's the last thing I-- um. I-I didn't mean for that to come out like that..."
4-5,female_removed_accessory,,happy,"(<i>Why did I say that?!</i>) But still, even it's only a tiny step... it's a step! I can still win this!",,Why did I say that?!,"But still, even it's only a tiny step... it's a step! I can still win this!"
4-5,female_removed_accessory,,happy,"(<i>Why would I even THINK about saying that?!</i>) S-sorry, ~name~... But still! I want to win this!",,Why would I even THINK about saying that?!,"S-sorry, ~name~... But still! I want to win this!"
4-5,female_removed_accessory,,happy,"(<i>Why, why, WHY did I even say that?!</i>) R-really, ~name~, I didn't mean it like that... but still! I don't want to lose!",,"Why, why, WHY did I even say that?!","R-really, ~name~, I didn't mean it like that... but still! I don't want to lose!"
,,,,,,,
4-5,opponent_removing_minor,,embarassed,"(<i>They're stuck here, like me, I guess...</i>) O-Oh, you're just taking off your ~clothing~... but I get it! It would be kinda embarassing to take off something else, right...?",,"They're stuck here, like me, I guess...","O-Oh, you're just taking off your ~clothing~... but I get it! It would be kinda embarassing to take off something else, right...?"
4-5,opponent_removing_minor,,embarassed,"(<i>I don't have the right to be disappointed, I think...</i>) O-Oh, just your ~clothing~... b-but it would be kinda embarassing to take off something else, right? I-I get it!",,"I don't have the right to be disappointed, I think...","O-Oh, just your ~clothing~... b-but it would be kinda embarassing to take off something else, right? I-I get it!"
4-5,opponent_removing_minor,,nervous,(<i>I-- I can't be disappointed with them...</i>) I-I guess you don't want to embarass yourself... I-I get that!,,I-- I can't be disappointed with them...,I-I guess you don't want to embarass yourself... I-I get that!
4-5,opponent_removing_minor,,nervous,(<i>I shouldn't be disappointed in them...</i>) Y-you want to avoid the embarassment of taking off something bigger... I get it!,,I shouldn't be disappointed in them...,Y-you want to avoid the embarassment of taking off something bigger... I get it!
4-5,opponent_removing_minor,,angry,"(<i>H-Hey!</i>) That's mean, ~name~! Taking off your ~clothing~ while I'm standing here in my underwear...",,H-Hey!,"That's mean, ~name~! Taking off your ~clothing~ while I'm standing here in my underwear..."
4-5,opponent_removing_minor,,angry,"(<i>R-Really?!</i>) ~name~? You're taking off your ~clothing~, while I'm standing here in my underwear? ...That's mean!",,R-Really?!,"~name~? You're taking off your ~clothing~, while I'm standing here in my underwear? ...That's mean!"
,,,,,,,
4-5,opponent_removed_minor,,happy,"I-I kinda wish I had more small stuff to take off like that, though!",,,"I-I kinda wish I had more small stuff to take off like that, though!"
4-5,opponent_removed_minor,,happy,"I-I wish I had more small things like that to strip, though!",,,"I-I wish I had more small things like that to strip, though!"
4-5,opponent_removed_minor,,happy,"I-I kinda wish I had more small things to take off like you, ~name~...",,,"I-I kinda wish I had more small things to take off like you, ~name~..."
4-5,opponent_removed_minor,,happy,"I-I wish I had more small things to strip, though, ~name~!",,,"I-I wish I had more small things to strip, though, ~name~!"
,,,,,,,
4-5,opponent_removing_major,,happy,"(<i>~name~ is...</i>) Oh, you're down to your underwear too, ~name~!",,~name~ is...,"Oh, you're down to your underwear too, ~name~!"
4-5,opponent_removing_major,,happy,"(<i>Oh, no, ~name~ has to...!</i>) Ehehe... it looks like you're down to your underwear too, ~name~!",,"Oh, no, ~name~ has to...!","Ehehe... it looks like you're down to your underwear too, ~name~!"
4-5,opponent_removing_major,,happy,"(<i>Wait, ~name~ will have to...!</i>) Ehehe... you're down to your underwear too, ~name~?",,"Wait, ~name~ will have to...!","Ehehe... you're down to your underwear too, ~name~?"
4-5,opponent_removing_major,,shocked,"(<i>I-- I feel so out of it... what's going on?</i>) Waitwaitwait, ~name~! A-are you about to show us your underwear?!",,I-- I feel so out of it... what's going on?,"Waitwaitwait, ~name~! A-are you about to show us your underwear?!"
4-5,male_removing_major,,shocked,"(<i>Focus, Sayori... wait, what's happening?</i>) Waitwaitwait, is ~name~ about to show us his underwear?",,"Focus, Sayori... wait, what's happening?","Waitwaitwait, is ~name~ about to show us his underwear?"
4-5,female_removing_major,,thinking,"(<i>Focus on the game, Sayori...</i>) So, umm... ~name~ is about to show us her underwear, right?",,"Focus on the game, Sayori...","So, umm... ~name~ is about to show us her underwear, right?"
,,,,,,,
4-5,opponent_removed_major,,excited,"(<i>I'm just glad I don't have to strip again...!</i>) Ehehe, a major victory! O-Oh, um, sorry, ~name~...",,I'm just glad I don't have to strip again...!,"Ehehe, a major victory! O-Oh, um, sorry, ~name~..."
4-5,opponent_removed_major,,excited,"(<i>I'm just glad I don't have to strip again...!</i>) Aha! A major victory for Sayori! O-Oh, whoops, sorry about that, ~name~...",,I'm just glad I don't have to strip again...!,"Aha! A major victory for Sayori! O-Oh, whoops, sorry about that, ~name~..."
4-5,opponent_removed_major,,nervous,"(<i>We're both stuck like this now, huh?</i>) A-are you embarassed at all, ~name~? I-I could look away, if it makes you feel better...",,"We're both stuck like this now, huh?","A-are you embarassed at all, ~name~? I-I could look away, if it makes you feel better..."
4-5,opponent_removed_major,,nervous,"(<i>We're both stuck like this now, huh?</i>) Y-you're not embarassed, right ~name~? I-If you are, I could, um, look away, if that makes you feel better...",,"We're both stuck like this now, huh?","Y-you're not embarassed, right ~name~? I-If you are, I could, um, look away, if that makes you feel better..."
4-5,male_removed_major,,embarassed,"(<i>Is ~player~ interested in guys like ~name~...?</i>) O-Oh, um, was I staring? S-sorry, ~name~...",,Is ~player~ interested in guys like ~name~...?,"O-Oh, um, was I staring? S-sorry, ~name~..."
4-5,female_removed_major,,embarassed,"(<i>Is ~player~ interested in girls like ~name~...?</i>) O-Oh, um, was I staring? S-sorry, ~name~...",,Is ~player~ interested in girls like ~name~...?,"O-Oh, um, was I staring? S-sorry, ~name~..."
4-5,male_removed_major,,embarassed,"(<i>W-Wow, guys like ~name~ can be really... um...</i>) Ah! Was I staring? I-I mean, I wasn't <i>intentionally</i> staring! U-Um... sorry, ~name~...",,"W-Wow, guys like ~name~ can be really... um...","Ah! Was I staring? I-I mean, I wasn't <i>intentionally</i> staring! U-Um... sorry, ~name~..."
4-5,female_removed_major,,embarassed,"(<i>W-Wow, girls like ~name~ can be really... oh...</i>) Ah! Was I staring? I-I mean, I wasn't <i>intentionally</i> staring! U-Um... sorry, ~name~...",,"W-Wow, girls like ~name~ can be really... oh...","Ah! Was I staring? I-I mean, I wasn't <i>intentionally</i> staring! U-Um... sorry, ~name~..."
,,,,,,,
4-5,male_chest_will_be_visible,,happy,"(<i>Argh! Focus, Sayori...</i>) Whoa... we're going to see ~name~'s bare chest, aren't we?",,"Argh! Focus, Sayori...","Whoa... we're going to see ~name~'s bare chest, aren't we?"
4-5,male_chest_will_be_visible,,happy,"(<i>Why can't I focus on the game?</i>) Oh! ~name~'s bare chest... it'll be exposed, won't it?",,Why can't I focus on the game?,"Oh! ~name~'s bare chest... it'll be exposed, won't it?"
4-5,male_chest_will_be_visible,,happy,(<i>My head feels like it's...</i>) Whoa.... ~name~'s exposing his bare chest!,,My head feels like it's...,Whoa.... ~name~'s exposing his bare chest!
4-5,male_chest_is_visible,,embarassed,"Oh, wow... ~name~'s really well-built, isn't he?",,,"Oh, wow... ~name~'s really well-built, isn't he?"
4-5,male_chest_is_visible,,embarassed,"You're... really well-built, ~name~, ehehe...",,,"You're... really well-built, ~name~, ehehe..."
,,,,,,,
4-5,female_chest_will_be_visible,,happy,"(<i>Argh! Focus, Sayori...</i>) Whoa... ~name~'s revealing her breasts, isn't she?",,"Argh! Focus, Sayori...","Whoa... ~name~'s revealing her breasts, isn't she?"
4-5,female_chest_will_be_visible,,shocked,(<i>Why can't I focus on the game?</i>) E-Eh? ~name~'s revealing her breasts?!,,Why can't I focus on the game?,E-Eh? ~name~'s revealing her breasts?!
4-5,female_chest_will_be_visible,,happy,(<i>My head feels like it's...</i>) W-We're going to be able to see ~name~'s breasts...!,,My head feels like it's...,W-We're going to be able to see ~name~'s breasts...!
4-5,female_small_chest_is_visible,,excited,"(<i>W-Why do I feel so insecure about my...</i>) ...You're as small as I am, ~name~!",,W-Why do I feel so insecure about my...,"...You're as small as I am, ~name~!"
4-5,female_small_chest_is_visible,"notSaidMarker=natsuki-boob-comp, priority=0",excited,"...You're as small as Natsuki, ~name~!",natsuki-boob-comp,,"...You're as small as Natsuki, ~name~!"
4-5,female_small_chest_is_visible,,excited,"(<i>S-She's like me, huh...?</i>) Yay~! We're flat-chest buddies!",dfc-buddies,"S-She's like me, huh...?",Yay~! We're flat-chest buddies!
4-5,female_medium_chest_is_visible,"notSaidMarker=boob-scale, priority=0",thinking,"(<i>Even ~name~ has a bigger bust than I do...</i>) Hmm.... on a scale from 'Natsuki' to 'Yuri'... you'd be at about a 'Monika', ~name~.",boob-scale,Even ~name~ has a bigger bust than I do...,"Hmm.... on a scale from 'Natsuki' to 'Yuri'... you'd be at about a 'Monika', ~name~."
4-5,female_medium_chest_is_visible,,sad,"(<i>No wonder ~name~'s more attractive...</i>) Aww... for a second, I thought we were flat-chest buddies...",,No wonder ~name~'s more attractive...,"Aww... for a second, I thought we were flat-chest buddies..."
4-5,female_medium_chest_is_visible,,nervous,(<i>No wonder she's more attractive...</i>) Uhm... I think you're a bit bigger than me...,,No wonder she's more attractive...,Uhm... I think you're a bit bigger than me...
4-5,female_large_chest_is_visible,,shocked,(<i>I-- I'm practically a cutting board...!</i>) H-How did your boobs get so big?!,,I-- I'm practically a cutting board...!,H-How did your boobs get so big?!
4-5,female_large_chest_is_visible,,embarassed,"(<i>~player~ is probably more attracted to her than me, huh...?</i>) Whoa... They're so big...",,"~player~ is probably more attracted to her than me, huh...?",Whoa... They're so big...
4-5,female_large_chest_is_visible,"notSaidMarker=yuri-boob-comp, priority=0",happy,"(<i>Guys are into... um, big busts, right...?</i>) Oh! You're as big as Yuri, ~name~!",yuri-boob-comp,"Guys are into... um, big busts, right...?","Oh! You're as big as Yuri, ~name~!"
,,,,,,,
4-5,female_crotch_will_be_visible,,nervous,"(<i>What do I do, what do I do?!</i>) W-wait, ~name~, are you sure? W-We're going to see your... um, <i>sensitive</i> bits!",,"What do I do, what do I do?!","W-wait, ~name~, are you sure? W-We're going to see your... um, <i>sensitive</i> bits!"
4-5,female_crotch_will_be_visible,,nervous,"(<i>Oh no, oh no-- how do I react to this?!</i>) W-wait, are we going to see ~name~'s... um, <i>sensitive</i> bits?",,"Oh no, oh no-- how do I react to this?!","W-wait, are we going to see ~name~'s... um, <i>sensitive</i> bits?"
4-5,female_crotch_will_be_visible,,nervous,(<i>H-How am I supposed to react to this?!</i>) Aaaaa! W-We're going to see ~name~'s vagina!,,H-How am I supposed to react to this?!,Aaaaa! W-We're going to see ~name~'s vagina!
4-5,female_crotch_is_visible,,embarassed,"Well, um, I-- I mean, uh... I-I guess I s-should already know what I'm looking at, but... still!",,,"Well, um, I-- I mean, uh... I-I guess I s-should already know what I'm looking at, but... still!"
4-5,female_crotch_is_visible,,embarassed,"I-I know it's sensitive, and I guess you're probably really, really embarassed, but... <i>Ikindawanttolook.</i> I-If that's okay with you!",,,"I-I know it's sensitive, and I guess you're probably really, really embarassed, but... <i>Ikindawanttolook.</i> I-If that's okay with you!"
4-5,female_crotch_is_visible,filter=shaved,embarassed,(<i>I- I guess it's okay to peek...</i>) O-Oh! ~name~! Y-You shave?,,I- I guess it's okay to peek...,O-Oh! ~name~! Y-You shave?
4-5,female_crotch_is_visible,filter=trimmed,embarassed,(<i>I- I guess it's okay to peek...</i>) E-Eh? Your hair... you trim it?,,I- I guess it's okay to peek...,E-Eh? Your hair... you trim it?
4-5,female_crotch_is_visible,filter=hairy,embarassed,"(<i>I- I guess it's okay to peek...</i>) I-I guess I'm not the only one who, um, doesn't shave...",,I- I guess it's okay to peek...,"I-I guess I'm not the only one who, um, doesn't shave..."
,,,,,,,
4-5,male_crotch_will_be_visible,,shocked,"(<i>What do I do, what do I do?!</i>) W-We're going to see ~name~'s, um, private bits, now?!",,"What do I do, what do I do?!","W-We're going to see ~name~'s, um, private bits, now?!"
4-5,male_crotch_will_be_visible,,shocked,"(<i>Oh no, oh no-- how do I react to this?!</i>) Oh no, w-we're going to see ~name~'s penis! I-I'm not ready for this yeeeet!",,"Oh no, oh no-- how do I react to this?!","Oh no, w-we're going to see ~name~'s penis! I-I'm not ready for this yeeeet!"
4-5,male_crotch_will_be_visible,,shocked,(<i>H-How am I supposed to react to this?!</i>) Aaaaaa! We're going to see ~name~'s penis! His <i>penis!</i> I'm not ready for this yeeeeet!,,H-How am I supposed to react to this?!,Aaaaaa! We're going to see ~name~'s penis! His <i>penis!</i> I'm not ready for this yeeeeet!
4-5,male_small_crotch_is_visible,,thinking,"<i>AAAAAAAA</i>AAAaaaa-- aaaa? Oh, it's tiny!",,,"<i>AAAAAAAA</i>AAAaaaa-- aaaa? Oh, it's tiny!"
4-5,male_small_crotch_is_visible,,thinking,"Oh! I-I was expecting it to be, um, a bit bigger...",,,"Oh! I-I was expecting it to be, um, a bit bigger..."
4-5,male_small_crotch_is_visible,,happy,"...Wow! It's tiny... and adorable! I-It's a bit like, um... Natsuki!",natsuki-small-penis-comp-2,,"...Wow! It's tiny... and adorable! I-It's a bit like, um... Natsuki!"
4-5,male_medium_crotch_is_visible,,embarassed,"...should I look? Um... <i>Ikindawannalook,</i> sooooo... Oh! It's pretty average, I think?",,,"...should I look? Um... <i>Ikindawannalook,</i> sooooo... Oh! It's pretty average, I think?"
4-5,male_medium_crotch_is_visible,,embarassed,"(<i>I- I guess it's okay to peek, right...?</i>) ",,"I- I guess it's okay to peek, right...?",
4-5,male_medium_crotch_is_visible,,embarassed,"(<i>I- I guess I can peek, right...?</i>) O-Oh! It's... um... it looks pretty normal! I think?",,"I- I guess I can peek, right...?",O-Oh! It's... um... it looks pretty normal! I think?
4-5,male_large_crotch_is_visible,,embarassed,"H-How did you keep something like <i>that</i> hidden under your pants, ~name~?!",,,"H-How did you keep something like <i>that</i> hidden under your pants, ~name~?!"
4-5,male_large_crotch_is_visible,,embarassed,(<i>A-And that's supposed to go into...</i>) <i>E-Ehh?!</i> I-Is it really that big?,,A-And that's supposed to go into...,<i>E-Ehh?!</i> I-Is it really that big?
4-5,male_large_crotch_is_visible,,embarassed,"...W-whoa! That's really big, ~name~!",,,"...W-whoa! That's really big, ~name~!"
,,,,,,,
4-5,opponent_start_masturbating,,shocked,"I feel like I need an adult, here!",,,"I feel like I need an adult, here!"
,,,,,,,
4-5,male_start_masturbating,,embarassed,He's-- he's really doing it?!,,,He's-- he's really doing it?!
4-5,male_start_masturbating,,embarassed,I-It feels <i>wrong</i> to watch...!,,,I-It feels <i>wrong</i> to watch...!
,,,,,,,
4-5,female_start_masturbating,,embarassed,"(<i>I-If I were in her place, I'd melt into a puddle of embarassment and shame...</i>) ",,"I-If I were in her place, I'd melt into a puddle of embarassment and shame...",
4-5,female_start_masturbating,,embarassed,"(<i>I-I'd be melting into a puddle of embarassment, in her place...</i>) ",,"I-I'd be melting into a puddle of embarassment, in her place...",
,,,,,,,
4-5,game_over_victory,,shocked,E-Eh?! I won? Really?,,,E-Eh?! I won? Really?
4-5,game_over_victory,,excited,I-I can't believe I won!,,,I-I can't believe I won!